"內政部「永續提升人行安全計畫」核定案件及補助經費表",,,,,,
"項次",縣市別,案件名稱,核定路口數,"核定總經費(千元)","中央補助款(千元)","地方配合款(千元)"
1,基隆市,基隆市-符合交通部盤點提供之易肇事路口案,14,"4,200","3,444",756
"內政部「永續提升人行安全計畫」核定地方政府提報符合交通部盤點提供之易肇事路口清單",,,
"項次",縣市別,市區鄉鎮,路口位置
1,基隆市,七堵區,實踐路、百六街
2,基隆市,信義區,深溪路、深美街
3,基隆市,信義區,信一路、義七路
4,基隆市,信義區,信一路、義六路
5,基隆市,信義區,信一路、義四路
6,基隆市,中山區,中山一路、新民路
7,基隆市,仁愛區,仁一路、愛四路
8,基隆市,仁愛區,仁一路、愛五路
9,基隆市,七堵區,光明路、自治街
10,基隆市,中正區,信一路、義二路
11,基隆市,仁愛區,仁一路、愛六路
12,基隆市,仁愛區,仁一路、愛九路
13,基隆市,仁愛區,仁一路、劉銘傳路
14,基隆市,信義區,信一路、義三路
"內政部「永續提升人行安全計畫」核定案件及補助經費表",,,,,,
"項次",縣市別,案件名稱,核定路口數,"核定總經費(千元)","中央補助款(千元)","地方配合款(千元)"
1,臺北市,臺北市-符合交通部盤點提供之易肇事路口案,199,"398,000","139,300","258,700"
"內政部「永續提升人行安全計畫」核定地方政府提報符合交通部盤點提供之易肇事路口清單",,,
"項次",縣市別,市區鄉鎮,路口位置
1,臺北市,中正區,羅斯福路一段、南海路
2,臺北市,萬華區,西園路二段、寶興街
3,臺北市,中山區,松江路、農安街
4,臺北市,中山區,建國北路三段、民權東路三段
5,臺北市,中山區,民權東路二段、吉林路
6,臺北市,中正區,忠孝西路一段、重慶南路一段
7,臺北市,大安區,信義路三段、建國南路一段
8,臺北市,大同區,重慶北路二段、涼州街
9,臺北市,大同區,承德路一段、長安西路
10,臺北市,大同區,重慶北路二段、民生西路
11,臺北市,中山區,中山北路二段、民生西路
12,臺北市,中山區,民權東路三段、龍江路
13,臺北市,中山區,民權東路一段、林森北路
14,臺北市,萬華區,中華路一段、開封街二段
15,臺北市,中正區,館前路、開封街一段
16,臺北市,大安區,仁愛路三段、建國南路一段
17,臺北市,中正區,忠孝西路一段、館前路
18,臺北市,中山區,民權東路二段、中原街
19,臺北市,萬華區,西藏路、西藏路125巷
20,臺北市,北投區,中和街、珠海路
21,臺北市,中山區,中山北路一段、長安西路
22,臺北市,士林區,承德路四段、大南路
23,臺北市,文山區,羅斯福路五段、萬盛街
24,臺北市,中山區,民生東路三段、合江街
25,臺北市,萬華區,西園路一段、和平西路三段
"內政部「永續提升人行安全計畫」核定案件及補助經費表",,,,,,
"項次",縣市別,案件名稱,核定路口數,"核定總經費(千元)","中央補助款(千元)","地方配合款(千元)"
1,臺北市,臺北市-符合交通部盤點提供之易肇事路口案,199,"398,000","139,300","258,700"
"內政部「永續提升人行安全計畫」核定地方政府提報符合交通部盤點提供之易肇事路口清單",,,
"項次",縣市別,市區鄉鎮,路口位置
26,臺北市,內湖區,內湖路二段103巷、麗山街37巷
27,臺北市,內湖區,舊宗路一段、新湖三路
28,臺北市,大安區,信義路四段、敦化南路一段
29,臺北市,中山區,林森北路、民生東路一段
30,臺北市,萬華區,漢中街、成都路
31,臺北市,文山區,辛亥路五段、辛亥路五段25巷
32,臺北市,萬華區,昆明街、長沙街二段
33,臺北市,中山區,松江路、長春路
34,臺北市,萬華區,昆明街、內江街
35,臺北市,中山區,吉林路、錦州街
36,臺北市,中正區,中華路一段、愛國西路
37,臺北市,文山區,景文街、羅斯福路六段401巷
38,臺北市,中正區,仁愛路二段、金山南路一段
39,臺北市,中正區,公園路、貴陽街一段
40,臺北市,士林區,重慶北路四段、葫東街
41,臺北市,信義區,忠孝東路五段、松信路
42,臺北市,信義區,信義路五段、松智路
43,臺北市,中山區,市民大道二段、林森北路
44,臺北市,中山區,南京東路一段、林森北路
45,臺北市,信義區,信義路四段、光復南路
46,臺北市,文山區,指南路二段、萬壽路
47,臺北市,文山區,興隆路二段、興隆路二段244巷
48,臺北市,大安區,忠孝東路四段、敦化南路一段
49,臺北市,信義區,信義路五段、莊敬路
50,臺北市,大安區,建國南路一段、濟南路三段
"內政部「永續提升人行安全計畫」核定案件及補助經費表",,,,,,
"項次",縣市別,案件名稱,核定路口數,"核定總經費(千元)","中央補助款(千元)","地方配合款(千元)"
1,臺北市,臺北市-符合交通部盤點提供之易肇事路口案,199,"398,000","139,300","258,700"
"內政部「永續提升人行安全計畫」核定地方政府提報符合交通部盤點提供之易肇事路口清單",,,
"項次",縣市別,市區鄉鎮,路口位置
51,臺北市,信義區,吳興街、吳興街220巷
52,臺北市,萬華區,中華路一段、漢口街二段
53,臺北市,文山區,景文街、景文街103巷
54,臺北市,中山區,建國北路一段、長安東路二段
55,臺北市,萬華區,中華路二段、西藏路
56,臺北市,中山區,北安路、大直街
57,臺北市,中正區,羅斯福路一段、寧波西街
58,臺北市,中正區,襄陽路、懷寧街
59,臺北市,松山區,南京東路四段、北寧路
60,臺北市,內湖區,基湖路、基湖路35巷
61,臺北市,北投區,東華街一段、東陽街
62,臺北市,信義區,基隆路二段、吳興街
63,臺北市,信義區,松仁路、松平路
64,臺北市,中山區,建國北路二段、錦州街
65,臺北市,信義區,忠孝東路四段、基隆路一段
66,臺北市,中正區,中華路一段、漢口街一段
67,臺北市,文山區,興隆路三段、萬芳路
68,臺北市,萬華區,忠孝西路二段、西寧南路
69,臺北市,大安區,忠孝東路四段216巷、敦化南路一段233巷
70,臺北市,中正區,和平西路二段、南海路
71,臺北市,大同區,承德路二段、民權西路
72,臺北市,中山區,北安路、敬業四路
73,臺北市,內湖區,民權東路六段、行愛路
74,臺北市,北投區,中和街、中和街292巷
75,臺北市,文山區,木新路三段、興隆路四段
"內政部「永續提升人行安全計畫」核定案件及補助經費表",,,,,,
"項次",縣市別,案件名稱,核定路口數,"核定總經費(千元)","中央補助款(千元)","地方配合款(千元)"
1,臺北市,臺北市-符合交通部盤點提供之易肇事路口案,199,"398,000","139,300","258,700"
"內政部「永續提升人行安全計畫」核定地方政府提報符合交通部盤點提供之易肇事路口清單",,,
"項次",縣市別,市區鄉鎮,路口位置
76,臺北市,士林區,德行西路、福華路
77,臺北市,文山區,興隆路四段、下崙路
78,臺北市,大同區,重慶北路三段、伊寧街
79,臺北市,中山區,南京東路三段、龍江路
80,臺北市,中山區,長安東路一段、天津街
81,臺北市,萬華區,西園路二段、西藏路
82,臺北市,萬華區,西寧南路、長沙街二段
83,臺北市,萬華區,西寧南路、貴陽街二段
84,臺北市,北投區,石牌路一段、致遠一路二段
85,臺北市,中山區,中山北路二段、長春路
86,臺北市,大安區,敦化南路二段、四維路154巷
87,臺北市,萬華區,環河南路二段、和平西路三段
88,臺北市,萬華區,康定路、廣州街
89,臺北市,文山區,景中街、景美街
90,臺北市,內湖區,康寧路一段、星雲街
91,臺北市,中正區,中華路二段、西藏路
92,臺北市,中正區,中山南路、信義路一段
93,臺北市,中正區,中華路二段、南海路
94,臺北市,大安區,通化街171巷、通化街
95,臺北市,信義區,基隆路二段、嘉興街216巷
96,臺北市,信義區,松高路、松勇路
97,臺北市,大安區,和平東路二段、建國南路二段
98,臺北市,中正區,杭州南路一段、青島東路
99,臺北市,中正區,林森南路、青島東路
100,臺北市,中正區,重慶南路一段、開封街一段
"內政部「永續提升人行安全計畫」核定案件及補助經費表",,,,,,
"項次",縣市別,案件名稱,核定路口數,"核定總經費(千元)","中央補助款(千元)","地方配合款(千元)"
1,臺北市,臺北市-符合交通部盤點提供之易肇事路口案,199,"398,000","139,300","258,700"
"內政部「永續提升人行安全計畫」核定地方政府提報符合交通部盤點提供之易肇事路口清單",,,
"項次",縣市別,市區鄉鎮,路口位置
101,臺北市,信義區,忠孝東路五段、松仁路
102,臺北市,大安區,忠孝東路三段、新生南路一段
103,臺北市,萬華區,中華路一段、成都路
104,臺北市,萬華區,桂林路、華西街
105,臺北市,文山區,興隆路三段、興隆路三段185巷
106,臺北市,中正區,懷寧街、漢口街一段
107,臺北市,士林區,中山北路五段、中正路
108,臺北市,中山區,南京東路三段、復興北路
109,臺北市,中山區,林森北路、農安街
110,臺北市,內湖區,成功路三段、星雲街
111,臺北市,內湖區,港墘路、港華街
112,臺北市,中正區,忠孝東路二段、臨沂街
113,臺北市,信義區,松智路、松平路
114,臺北市,大同區,承德路二段、錦西街
115,臺北市,中山區,長春路、伊通街
116,臺北市,中正區,中山北路一段、北平東路
117,臺北市,中山區,中山北路三段、農安街
118,臺北市,中正區,金山南路一段、濟南路二段
119,臺北市,中正區,羅斯福路一段、寧波東街
120,臺北市,信義區,永吉路、松山路
121,臺北市,萬華區,西寧南路、洛陽街
122,臺北市,中正區,仁愛路一段、林森南路
123,臺北市,大安區,信義路四段、安和路一段
124,臺北市,大安區,復興南路二段、瑞安街23巷
125,臺北市,中山區,松江路、德惠街
"內政部「永續提升人行安全計畫」核定案件及補助經費表",,,,,,
"項次",縣市別,案件名稱,核定路口數,"核定總經費(千元)","中央補助款(千元)","地方配合款(千元)"
1,臺北市,臺北市-符合交通部盤點提供之易肇事路口案,199,"398,000","139,300","258,700"
"內政部「永續提升人行安全計畫」核定地方政府提報符合交通部盤點提供之易肇事路口清單",,,
"項次",縣市別,市區鄉鎮,路口位置
126,臺北市,中山區,新生北路三段、濱江街
127,臺北市,文山區,木柵路一段、木柵路一段191巷
128,臺北市,中正區,和平西路一段、南昌路二段
129,臺北市,文山區,景隆街、景隆街36巷
130,臺北市,大同區,延平北路四段、民族西路
131,臺北市,信義區,永吉路、永吉路326巷
132,臺北市,大安區,仁愛路四段、安和路一段
133,臺北市,文山區,興隆路二段、興隆路二段220巷
134,臺北市,中山區,五常街、民族東路410巷
135,臺北市,中正區,中山南路、青島東路
136,臺北市,中正區,博愛路、武昌街一段
137,臺北市,中山區,民權東路二段、松江路
138,臺北市,大安區,辛亥路三段、辛亥路三段157巷
139,臺北市,松山區,市民大道六段、松山路
140,臺北市,中正區,忠孝東路一段、紹興南街
141,臺北市,萬華區,康定路、桂林路
142,臺北市,大同區,重慶北路三段、民權西路
143,臺北市,中正區,三元街、南海路
144,臺北市,大安區,信義路四段、安和路二段
145,臺北市,大安區,和平東路三段、富陽街
146,臺北市,大同區,承德路三段、庫倫街
147,臺北市,北投區,立農街二段、義理街
148,臺北市,中山區,長安東路二段、伊通街
149,臺北市,內湖區,基湖路10巷、堤頂大道二段407巷
150,臺北市,中正區,忠孝西路一段、公園路
"內政部「永續提升人行安全計畫」核定案件及補助經費表",,,,,,
"項次",縣市別,案件名稱,核定路口數,"核定總經費(千元)","中央補助款(千元)","地方配合款(千元)"
1,臺北市,臺北市-符合交通部盤點提供之易肇事路口案,199,"398,000","139,300","258,700"
"內政部「永續提升人行安全計畫」核定地方政府提報符合交通部盤點提供之易肇事路口清單",,,
"項次",縣市別,市區鄉鎮,路口位置
151,臺北市,文山區,木柵路三段、保儀路
152,臺北市,文山區,興隆路二段、興隆路二段22巷
153,臺北市,中正區,桃源街、寶慶路
154,臺北市,中正區,延平南路、愛國西路
155,臺北市,中山區,長安東路一段、長安東路一段53巷
156,臺北市,中正區,館前路、信陽街
157,臺北市,萬華區,環河南路二段、廣州街
158,臺北市,士林區,延平北路六段、永平街
159,臺北市,中山區,林森北路、民族東路
160,臺北市,士林區,忠誠路一段、德行東路
161,臺北市,文山區,木柵路一段、辛亥路七段
162,臺北市,北投區,行義路、泉源路
163,臺北市,信義區,和平東路三段、信安街
164,臺北市,大安區,仁愛路三段、復興南路一段
165,臺北市,大同區,昌吉街、昌吉街110巷
166,臺北市,中正區,汀州路二段、重慶南路三段
167,臺北市,中正區,重慶南路一段、忠孝西路一段
168,臺北市,中山區,長春路、龍江路
169,臺北市,大同區,延平北路二段、涼州街
170,臺北市,萬華區,康定路、內江街
171,臺北市,大安區,市民大道四段、光復南路
172,臺北市,大安區,忠孝東路三段、復興南路一段
173,臺北市,中山區,松江路、錦州街
174,臺北市,松山區,八德路三段、延吉街
175,臺北市,萬華區,環河南路二段、長順街
"內政部「永續提升人行安全計畫」核定案件及補助經費表",,,,,,
"項次",縣市別,案件名稱,核定路口數,"核定總經費(千元)","中央補助款(千元)","地方配合款(千元)"
1,臺北市,臺北市-符合交通部盤點提供之易肇事路口案,199,"398,000","139,300","258,700"
"內政部「永續提升人行安全計畫」核定地方政府提報符合交通部盤點提供之易肇事路口清單",,,
"項次",縣市別,市區鄉鎮,路口位置
176,臺北市,大同區,長安西路、南京西路64巷
177,臺北市,信義區,仁愛路四段、逸仙路
178,臺北市,信義區,松隆路、永吉路
179,臺北市,內湖區,內湖路一段737巷、內湖路一段737巷51弄
180,臺北市,松山區,光復北路、光復北路190巷
181,臺北市,信義區,松山路、松隆路
182,臺北市,信義區,福德街、林口街
183,臺北市,南港區,忠孝東路七段、研究院路一段
184,臺北市,萬華區,西園路一段、西園路一段72巷
185,臺北市,萬華區,康定路、武昌街二段
186,臺北市,士林區,延平北路六段、社中街
187,臺北市,大安區,信義路四段、復興南路一段
188,臺北市,中山區,農安街、雙城街
189,臺北市,內湖區,內湖路一段、基湖路
190,臺北市,萬華區,環河南路二段、環河南路二段175巷
191,臺北市,南港區,市民大道七段、玉成街
192,臺北市,士林區,德行東路、德行東路46巷
193,臺北市,中正區,和平西路一段、重慶南路三段
194,臺北市,士林區,延平北路六段、中正路
195,臺北市,萬華區,廣州街、梧州街
196,臺北市,北投區,大興街、清江路
197,臺北市,信義區,松壽路、市府路
198,臺北市,南港區,市民大道七段、向陽路
199,臺北市,萬華區,昆明街、漢口街二段
"內政部「永續提升人行安全計畫」核定案件及補助經費表",,,,,,
"項次",縣市別,案件名稱,核定路口數,"核定總經費(千元)","中央補助款(千元)","地方配合款(千元)"
1,新北市,新北市-符合交通部盤點提供之易肇事路口案,84,"168,000","84,000","84,000"
"內政部「永續提升人行安全計畫」核定地方政府提報符合交通部盤點提供之易肇事路口清單",,,
"項次",縣市別,市區鄉鎮,路口位置
1,新北市,三重區,自強路一段、文化北路
2,新北市,三重區,三和路三段、龍門路
3,新北市,三重區,中正北路、三民街
4,新北市,三重區,中正南路、同安街
5,新北市,三重區,重陽路二段、中正北路
6,新北市,三重區,國道路一段、力行路二段
7,新北市,三重區,自強路四段、仁愛街
8,新北市,三重區,正義北路-重新路二段
9,新北市,三重區,重新路一段-重新路二段(文化南路)
10,新北市,三重區,重新路一段-福德南路
11,新北市,三重區,力行路一段、後竹圍街
12,新北市,三重區,力行路一段、大勇街
13,新北市,三峽區,復興路、民生街
14,新北市,三峽區,學成路、大學路
15,新北市,三峽區,復興路、和平街
16,新北市,三峽區,中華路(安溪國小)
17,新北市,土城區,明德路一段、延吉街
18,新北市,土城區,延吉街、永豐路
19,新北市,土城區,金城路二段、青雲路
20,新北市,土城區,立德路、延和路
21,新北市,中和區,中和路、宜安路
22,新北市,中和區,景新街467巷、景新街
23,新北市,中和區,中山路二段、光華街
24,新北市,中和區,員山路、民安街
25,新北市,中和區,連城路-板南路
"內政部「永續提升人行安全計畫」核定案件及補助經費表",,,,,,
"項次",縣市別,案件名稱,核定路口數,"核定總經費(千元)","中央補助款(千元)","地方配合款(千元)"
1,新北市,新北市-符合交通部盤點提供之易肇事路口案,84,"168,000","84,000","84,000"
"內政部「永續提升人行安全計畫」核定地方政府提報符合交通部盤點提供之易肇事路口清單",,,
"項次",縣市別,市區鄉鎮,路口位置
26,新北市,中和區,中山路三段-莒光路
27,新北市,中和區,中正路-圓通路
28,新北市,中和區,中山路三段-漢民路
29,新北市,中和區,興南路一段、安樂路、景新街
30,新北市,中和區,景平路、東西向快速八里新店線、秀朗路三段、秀峰街
31,新北市,中和區,中山路二段332巷與橋和路口
32,新北市,五股區,水碓一路、自強路
33,新北市,永和區,中正路、民享街
34,新北市,永和區,中正路、得和路
35,新北市,永和區,永和路二段、仁愛路
36,新北市,永和區,永和路二段、文化路
37,新北市,永和區,中山路一段、保生路
38,新北市,永和區,永和路二段、中興街
39,新北市,永和區,中山路一段、永貞路
40,新北市,永和區,環河東路一段與光復街口
41,新北市,汐止區,新台五路一段、連興街
42,新北市,汐止區,中興路、福德二路
43,新北市,汐止區,忠孝東路、南昌街
44,新北市,汐止區,汐萬路一段、中正路
45,新北市,汐止區,中興路、福德一路
46,新北市,汐止區,中興路與福德三路口
47,新北市,汐止區,同興路與工建路口
48,新北市,板橋區,館前西路、南門街
49,新北市,板橋區,中正路、國光路
50,新北市,板橋區,民族路、民權路
"內政部「永續提升人行安全計畫」核定案件及補助經費表",,,,,,
"項次",縣市別,案件名稱,核定路口數,"核定總經費(千元)","中央補助款(千元)","地方配合款(千元)"
1,新北市,新北市-符合交通部盤點提供之易肇事路口案,84,"168,000","84,000","84,000"
"內政部「永續提升人行安全計畫」核定地方政府提報符合交通部盤點提供之易肇事路口清單",,,
"項次",縣市別,市區鄉鎮,路口位置
51,新北市,板橋區,萬板路、莊敬路
52,新北市,板橋區,信義路150巷、信義路
53,新北市,板橋區,民生路一段、長安街
54,新北市,板橋區,金門街、溪城路
55,新北市,板橋區,國光路、公館街
56,新北市,板橋區,中山路一段、館前西路
57,新北市,林口區,文化二路一段68巷、忠孝二路、文化二路一段
58,新北市,林口區,文化北路與八德路口
59,新北市,林口區,林口區文化一路與八德路口
60,新北市,金山區,中山路、中正路
61,新北市,金山區,仁愛路與信義路口
62,新北市,泰山區,明志路三段、工專路
63,新北市,泰山區,明志路、楓江路
64,新北市,淡水區,大忠街113巷、北新路(96巷)
65,新北市,淡水區,中山北路一段247巷、中山北路一段
66,新北市,新店區,復興路、順安街
67,新北市,新店區,安康路二段、安德街
68,新北市,新店區,中興路3段、寶橋路
69,新北市,新店區,中正路、三民路
70,新北市,新店區,安康路三段207巷、安康路三段
71,新北市,新店區,建國路、民族路
72,新北市,新店區,中興路/寶強路
73,新北市,新店區,中興路3段/寶中路
74,新北市,新莊區,中原路、福壽街
75,新北市,新莊區,中平路、幸福路
"內政部「永續提升人行安全計畫」核定案件及補助經費表",,,,,,
"項次",縣市別,案件名稱,核定路口數,"核定總經費(千元)","中央補助款(千元)","地方配合款(千元)"
1,新北市,新北市-符合交通部盤點提供之易肇事路口案,84,"168,000","84,000","84,000"
"內政部「永續提升人行安全計畫」核定地方政府提報符合交通部盤點提供之易肇事路口清單",,,
"項次",縣市別,市區鄉鎮,路口位置
76,新北市,新莊區,中央路、中信街
77,新北市,瑞芳區,明燈路與民權街
78,新北市,樹林區,中山路三段、佳園路一段
79,新北市,樹林區,大安路與長壽街
80,新北市,樹林區,八德街與館前路
81,新北市,蘆洲區,三民路、民族路(近蘆洲站)
82,新北市,蘆洲區,永樂街38巷、永樂街
83,新北市,蘆洲區,中山二路、和平路
84,新北市,蘆洲區,三民路、長榮路
"內政部「永續提升人行安全計畫」核定案件及補助經費表",,,,,,
"項次",縣市別,案件名稱,核定路口數,"核定總經費(千元)","中央補助款(千元)","地方配合款(千元)"
1,桃園市,桃園市-符合交通部盤點提供之易肇事路口案,91,"182,000","149,240","32,760"
"內政部「永續提升人行安全計畫」核定地方政府提報符合交通部盤點提供之易肇事路口清單",,,
"項次",縣市別,市區鄉鎮,路口位置
1,桃園市,桃園區,中山路、民族路
2,桃園市,桃園區,大同路、重慶街
3,桃園市,龜山區,中興路、自強南路
4,桃園市,中壢區,中美路、延平路
5,桃園市,桃園區,經國路、南平路
6,桃園市,中壢區,中央西路一段、中豐路
7,桃園市,桃園區,中正路、南平路
8,桃園市,中壢區,中山東路二段、日新路
9,桃園市,中壢區,中正路、民權路
10,桃園市,中壢區,環中東路、榮安一街
11,桃園市,平鎮區,民族路二段、文化街
12,桃園市,龍潭區,中正路、五福街
13,桃園市,桃園區,大有路、寶山街
14,桃園市,平鎮區,中豐路、延平路一段
15,桃園市,平鎮區,中豐路、環南路三段
16,桃園市,中壢區,延平路、中山路
17,桃園市,中壢區,中山路、長江路
18,桃園市,中壢區,中山路、新明路
19,桃園市,蘆竹區,南竹路一段、桃園街
20,桃園市,中壢區,文化路、長春路
21,桃園市,中壢區,中正路、復興路
22,桃園市,桃園區,中正路、莊二街
23,桃園市,龍潭區,大昌路二段、五福街
24,桃園市,八德區,公園路、大智路
25,桃園市,龍潭區,北龍路、龍華路
"內政部「永續提升人行安全計畫」核定案件及補助經費表",,,,,,
"項次",縣市別,案件名稱,核定路口數,"核定總經費(千元)","中央補助款(千元)","地方配合款(千元)"
1,桃園市,桃園市-符合交通部盤點提供之易肇事路口案,91,"182,000","149,240","32,760"
"內政部「永續提升人行安全計畫」核定地方政府提報符合交通部盤點提供之易肇事路口清單",,,
"項次",縣市別,市區鄉鎮,路口位置
26,桃園市,龍潭區,神龍路、新龍路
27,桃園市,桃園區,大有路、民光東路
28,桃園市,桃園區,中正路、同德五街
29,桃園市,八德區,福國北街、仁愛街
30,桃園市,中壢區,民族路二段、正光街
31,桃園市,楊梅區,中興路、中興路80巷
32,桃園市,平鎮區,中豐路山頂段、南豐路
33,桃園市,桃園區,大同路、南華街
34,桃園市,桃園區,建新街、保羅街
35,桃園市,平鎮區,中豐路山頂段、日星街
36,桃園市,桃園區,大興西路二段、大興西路二段80巷
37,桃園市,桃園區,桃鶯路、建國路
38,桃園市,中壢區,延平路、元化路
39,桃園市,桃園區,介壽路、保羅街
40,桃園市,桃園區,中平路、中州街
41,桃園市,中壢區,中山路、和平街
42,桃園市,中壢區,晉元路、華勛街
43,桃園市,中壢區,民族路二段、正大街
44,桃園市,桃園區,南平路、同安街
45,桃園市,桃園區,中華路、南華街
46,桃園市,蘆竹區,大竹路、大福路
47,桃園市,桃園區,大同路、民權路
48,桃園市,平鎮區,中庸路、大連街
49,桃園市,桃園區,中山路、民權路
50,桃園市,龜山區,復興一路、文化五路
"內政部「永續提升人行安全計畫」核定案件及補助經費表",,,,,,
"項次",縣市別,案件名稱,核定路口數,"核定總經費(千元)","中央補助款(千元)","地方配合款(千元)"
1,桃園市,桃園市-符合交通部盤點提供之易肇事路口案,91,"182,000","149,240","32,760"
"內政部「永續提升人行安全計畫」核定地方政府提報符合交通部盤點提供之易肇事路口清單",,,
"項次",縣市別,市區鄉鎮,路口位置
51,桃園市,中壢區,中北路二段、健行路
52,桃園市,蘆竹區,南崁路、南竹路
53,桃園市,桃園區,中正路、和平路
54,桃園市,中壢區,新中北路、新中一街
55,桃園市,桃園區,中山東路、朝陽街
56,桃園市,桃園區,中山東路、福昌街
57,桃園市,平鎮區,中豐路南勢二段、南京路
58,桃園市,桃園區,南平路、永安北路
59,桃園市,平鎮區,延平路一段、新榮路
60,桃園市,龜山區,文青路、文學路
61,桃園市,蘆竹區,中山路、仁愛路二段
62,桃園市,龜山區,自強南路、明德路54巷
63,桃園市,桃園區,永安路、富國路
64,桃園市,龜山區,大同路、自強南路
65,桃園市,桃園區,中正路、中華路
66,桃園市,桃園區,文中路、正光路
67,桃園市,八德區,中山路、興豐路
68,桃園市,龍潭區,中正路、新龍路
69,桃園市,桃園區,國際路一段、吉昌街
70,桃園市,平鎮區,民族路、忠孝路
71,桃園市,八德區,和平路、和義一街
72,桃園市,桃園區,大林路、延平路
73,桃園市,龜山區,中和南路、新樂街
74,桃園市,桃園區,中山路、民生路
75,桃園市,楊梅區,楊新路、大成路
"內政部「永續提升人行安全計畫」核定案件及補助經費表",,,,,,
"項次",縣市別,案件名稱,核定路口數,"核定總經費(千元)","中央補助款(千元)","地方配合款(千元)"
1,桃園市,桃園市-符合交通部盤點提供之易肇事路口案,91,"182,000","149,240","32,760"
"內政部「永續提升人行安全計畫」核定地方政府提報符合交通部盤點提供之易肇事路口清單",,,
"項次",縣市別,市區鄉鎮,路口位置
76,桃園市,桃園區,同德五街、藝文一街
77,桃園市,中壢區,莊敬路、永強街
78,桃園市,龜山區,文化二路、復興二路
79,桃園市,八德區,義勇街、忠勇街
80,桃園市,平鎮區,民族路、廣成街
81,桃園市,桃園區,永安路、永康街
82,桃園市,龜山區,文化二路、文二一街
83,桃園市,桃園區,成功路一段、民權路
84,桃園市,八德區,和平路、東勇街
85,桃園市,桃園區,大興西路一段、同安街
86,桃園市,平鎮區,環南路三段、德育路二段
87,桃園市,桃園區,大業路一段、民光東路
88,桃園市,平鎮區,新富五街、新富街70巷
89,桃園市,新屋區,中興路、三民路
90,桃園市,龍潭區,大昌路二段、健行路
91,桃園市,桃園區,大興西路一段、新埔六街
"內政部「永續提升人行安全計畫」核定案件及補助經費表",,,,,,
"項次",縣市別,案件名稱,核定路口數,"核定總經費(千元)","中央補助款(千元)","地方配合款(千元)"
1,新竹市,新竹市-符合交通部盤點提供之易肇事路口案,14,"28,000","22,960","5,040"
"內政部「永續提升人行安全計畫」核定地方政府提報符合交通部盤點提供之易肇事路口清單",,,
"項次",縣市別,市區鄉鎮,路口位置
1,新竹市,東區,西大路、南大路
2,新竹市,東區,三民路、民權路
3,新竹市,北區,中山路、崧嶺路
4,新竹市,北區,西門街、四維路
5,新竹市,北區,中山路、育英路
6,新竹市,東區,西大路、文昌街
7,新竹市,北區,東大路三段、富美路
8,新竹市,東區,關新路、關新北路
9,新竹市,北區,中正路、境福街
10,新竹市,東區,埔頂二路、立鵬路
11,新竹市,東區,中央路、錦華街
12,新竹市,東區,寶山路、建華街
13,新竹市,東區,金山街、金山十二街
14,新竹市,東區,中華路二段、信義街
"內政部「永續提升人行安全計畫」核定案件及補助經費表",,,,,,
"項次",縣市別,案件名稱,核定路口數,"核定總經費(千元)","中央補助款(千元)","地方配合款(千元)"
1,新竹縣,新竹縣-符合交通部盤點提供之易肇事路口案,13,"26,000","21,320","4,680"
"內政部「永續提升人行安全計畫」核定地方政府提報符合交通部盤點提供之易肇事路口清單",,,
"項次",縣市別,市區鄉鎮,路口位置
1,新竹縣,竹東鎮,中興路三段、中央路
2,新竹縣,新埔鎮,中正路、和平街
3,新竹縣,竹東鎮,大同路、信義路
4,新竹縣,竹北市,中正東路、三民路
5,新竹縣,新埔鎮,中正路、廣和路
6,新竹縣,竹東鎮,中興路三段、學府路
7,新竹縣,竹北市,中正西路、華興街
8,新竹縣,竹北市,光明六路東二段、嘉興路
9,新竹縣,關西鎮,中山路、正義路
10,新竹縣,關西鎮,正義路、大同路
11,新竹縣,竹北市,中正東路、仁德街
12,新竹縣,竹北市,嘉豐十一路一段、復興三路二段
13,新竹縣,湖口鄉,三民南路、榮光路
"內政部「永續提升人行安全計畫」核定案件及補助經費表",,,,,,
"項次",縣市別,案件名稱,核定路口數,"核定總經費(千元)","中央補助款(千元)","地方配合款(千元)"
1,苗栗縣,苗栗縣-符合交通部盤點提供之易肇事路口案,9,"18,000","15,840","2,160"
"內政部「永續提升人行安全計畫」核定地方政府提報符合交通部盤點提供之易肇事路口清單",,,
"項次",縣市別,市區鄉鎮,路口位置
1,苗栗縣,苗栗市,中正路、日新街、新東街
2,苗栗縣,苗栗市,中正路、中正路1297巷
3,苗栗縣,頭份市,中華路、和平路
4,苗栗縣,頭份市,中華路、民族路
5,苗栗縣,頭份市,中正路、民族路
6,苗栗縣,頭份市,銀河路、民族路
7,苗栗縣,竹南鎮,中正路、大營路
8,苗栗縣,竹南鎮,龍山路三段、秀明街
9,苗栗縣,竹南鎮,光復路、華東街
"內政部「永續提升人行安全計畫」核定案件及補助經費表",,,,,,
"項次",縣市別,案件名稱,核定路口數,"核定總經費(千元)","中央補助款(千元)","地方配合款(千元)"
1,臺中市,臺中市-符合交通部盤點提供之易肇事路口案,63,"126,000","63,000","63,000"
"內政部「永續提升人行安全計畫」核定地方政府提報符合交通部盤點提供之易肇事路口清單",,,
"項次",縣市別,市區鄉鎮,路口位置
1,臺中市,沙鹿區,沙田路、中正街
2,臺中市,大甲區,中山路一段、民生路
3,臺中市,沙鹿區,中山路、成功東街
4,臺中市,沙鹿區,中山路、沙田路
5,臺中市,沙鹿區,中山路、大新街
6,臺中市,豐原區,中正路、市前街
7,臺中市,清水區,中山路、文化路
8,臺中市,大雅區,雅潭路四段、建興路
9,臺中市,大雅區,雅潭路四段、神林南路
10,臺中市,豐原區,中山路、博愛街
11,臺中市,沙鹿區,鎮南路二段、沙田路
12,臺中市,潭子區,勝利路、勝利六街
13,臺中市,豐原區,中正路、和平街
14,臺中市,潭子區,潭興路二段、復興路二段
15,臺中市,豐原區,豐南街、育仁路
16,臺中市,豐原區,信義街、復興路
17,臺中市,中區,三民路二段、成功路
18,臺中市,中區,光復路、市府路
19,臺中市,中區,自由路二段、光復路
20,臺中市,中區,建國路、成功路
21,臺中市,中區,三民路、公園路
22,臺中市,太平區,中山路三段、富宜路
23,臺中市,太平區,東平路、東村路
24,臺中市,太平區,中平九街、太平十六街
25,臺中市,北屯區,崇德路三段、豐樂路
"內政部「永續提升人行安全計畫」核定案件及補助經費表",,,,,,
"項次",縣市別,案件名稱,核定路口數,"核定總經費(千元)","中央補助款(千元)","地方配合款(千元)"
1,臺中市,臺中市-符合交通部盤點提供之易肇事路口案,63,"126,000","63,000","63,000"
"內政部「永續提升人行安全計畫」核定地方政府提報符合交通部盤點提供之易肇事路口清單",,,
"項次",縣市別,市區鄉鎮,路口位置
26,臺中市,北屯區,崇德路、青島路
27,臺中市,北屯區,松竹路一段、敦富路
28,臺中市,北屯區,崇德路三段、崇德九路
29,臺中市,北屯區,北屯路、松山街
30,臺中市,北屯區,文心路四段、綏遠路二段
31,臺中市,北屯區,進化北路、國校巷
32,臺中市,北屯區,太原路三段、三光巷
33,臺中市,北區,三民路三段、育才街
34,臺中市,北區,進化北路、榮華街
35,臺中市,北區,三民路三段、精武路
36,臺中市,北區,進化路、國泰街
37,臺中市,北區,五權路、育才北路
38,臺中市,北區,民權路、梅亭街
39,臺中市,北區,進化路、興進路
40,臺中市,北區,三民路三段、錦中街
41,臺中市,北區,太原路二段、永興街
42,臺中市,北區,學士路、五順街
43,臺中市,西屯區,臺灣大道四段、福康路
44,臺中市,西屯區,文心路三段、四川路
45,臺中市,西屯區,西屯路三段、玉門路
46,臺中市,西屯區,西屯路二段、文華路
47,臺中市,西屯區,西屯路二段、河南路二段
48,臺中市,西屯區,臺灣大道四段、福安路
49,臺中市,西區,三民路一段、民生路
50,臺中市,西區,忠明南路、長春街
"內政部「永續提升人行安全計畫」核定案件及補助經費表",,,,,,
"項次",縣市別,案件名稱,核定路口數,"核定總經費(千元)","中央補助款(千元)","地方配合款(千元)"
1,臺中市,臺中市-符合交通部盤點提供之易肇事路口案,63,"126,000","63,000","63,000"
"內政部「永續提升人行安全計畫」核定地方政府提報符合交通部盤點提供之易肇事路口清單",,,
"項次",縣市別,市區鄉鎮,路口位置
51,臺中市,西區,向上北路、華美街
52,臺中市,西區,臺灣大道二段、中興街
53,臺中市,西區,自由路一段、康樂街
54,臺中市,南屯區,文心路一段、大業路
55,臺中市,南屯區,大墩路、大業路
56,臺中市,南屯區,五權西路二段、精誠路
57,臺中市,南屯區,大業路、河南路四段
58,臺中市,南屯區,大墩路、大墩十七街
59,臺中市,南區,高工路、工學二街
60,臺中市,南區,復興路二段、新和街
61,臺中市,南區,復興路一段、樹義路
62,臺中市,南區,高工路、南和路
63,臺中市,霧峰區,中正路、萊園路
"內政部「永續提升人行安全計畫」核定案件及補助經費表",,,,,,
"項次",縣市別,案件名稱,核定路口數,"核定總經費(千元)","中央補助款(千元)","地方配合款(千元)"
1,彰化縣,彰化縣-符合交通部盤點提供之易肇事路口案,11,"22,000","18,480","3,520"
"內政部「永續提升人行安全計畫」核定地方政府提報符合交通部盤點提供之易肇事路口清單",,,
"項次",縣市別,市區鄉鎮,路口位置
1,彰化縣,彰化市,中正路一段、民生路
2,彰化縣,彰化市,自強路、泰安二街
3,彰化縣,彰化市,中興路、大埔路
4,彰化縣,和美鎮,彰新路五段、嘉卿路二段
5,彰化縣,鹿港鎮,中山路、民權路
6,彰化縣,鹿港鎮,中山路、三民路
7,彰化縣,員林市,中山路二段、法院街
8,彰化縣,社頭鄉,員集路二段、員集路二段247巷、清水岩路
9,彰化縣,社頭鄉,中山路一段、中山路二段、中興路
10,彰化縣,北斗鎮,中華路、光復路
11,彰化縣,北斗鎮,興農路二段、民權路
"內政部「永續提升人行安全計畫」核定案件及補助經費表",,,,,,
"項次",縣市別,案件名稱,核定路口數,"核定總經費(千元)","中央補助款(千元)","地方配合款(千元)"
1,雲林縣,雲林縣-符合交通部盤點提供之易肇事路口案,2,"4,000","3,520",480
"內政部「永續提升人行安全計畫」核定地方政府提報符合交通部盤點提供之易肇事路口清單",,,
"項次",縣市別,市區鄉鎮,路口位置
1,雲林縣,虎尾鎮,林森路二段、八德街
2,雲林縣,虎尾鎮,林森路一段、德興路
"內政部「永續提升人行安全計畫」核定案件及補助經費表",,,,,,
"項次",縣市別,案件名稱,核定路口數,"核定總經費(千元)","中央補助款(千元)","地方配合款(千元)"
1,臺南市,臺南市-符合交通部盤點提供之易肇事路口案,24,"48,000","39,360","8,640"
"內政部「永續提升人行安全計畫」核定地方政府提報符合交通部盤點提供之易肇事路口清單",,,
"項次",縣市別,市區鄉鎮,路口位置
1,臺南市,東區,中華東路二段、中華東路二段295巷
2,臺南市,東區,北門路一段、民族路一段
3,臺南市,東區,北門路一段、北門路一段30巷
4,臺南市,東區,東門路二段、林森路一段
5,臺南市,東區,裕文路、裕忠路
6,臺南市,中西區,成功路、公園路
7,臺南市,中西區,海安路二段、民生路二段
8,臺南市,北區,公園路、公園南路
9,臺南市,北區,公園路、北忠街
10,臺南市,北區,公園南路、西華街
11,臺南市,北區,公園路、北安路一段
12,臺南市,北區,成功路、裕民街
13,臺南市,安平區,安平路、華平路
14,臺南市,安平區,郡平路、健康三街
15,臺南市,安平區,國平路、建平七街
16,臺南市,永康區,復國一路、復華三街
17,臺南市,南區,中華西路一段、新孝路
18,臺南市,南區,中華西路一段、新信路
19,臺南市,南區,中華西路一段、新和路
20,臺南市,南區,中華西路一段、新平路
21,臺南市,南區,中華西路一段、清水路
22,臺南市,南區,中華西路一段、鯤鯓路
23,臺南市,南區,中華西路一段、建南路
24,臺南市,南區,中華西路二段、中華西路二段550巷
"內政部「永續提升人行安全計畫」核定案件及補助經費表",,,,,,
"項次",縣市別,案件名稱,核定路口數,"核定總經費(千元)","中央補助款(千元)","地方配合款(千元)"
1,高雄市,高雄市-符合交通部盤點提供之易肇事路口案,60,"120,000","98,400","21,600"
"內政部「永續提升人行安全計畫」核定地方政府提報符合交通部盤點提供之易肇事路口清單",,,
"項次",縣市別,市區鄉鎮,路口位置
1,高雄市,前金區,中正四路、瑞源路
2,高雄市,苓雅區,五福一路、和平一路
3,高雄市,鳳山區,中山路、成功路
4,高雄市,新興區,七賢一路、林森一路
5,高雄市,新興區,民族二路、信守街
6,高雄市,鳳山區,五甲三路、自強二路
7,高雄市,楠梓區,德賢路550巷、德賢路
8,高雄市,左營區,自由二路、裕誠路
9,高雄市,新興區,中正三路、復興一路
10,高雄市,三民區,十全一路、自由一路
11,高雄市,新興區,五福二路、復興二路
12,高雄市,鼓山區,明誠三路、裕誠路
13,高雄市,鳳山區,文衡路、文化路
14,高雄市,鼓山區,明誠三路、華榮路
15,高雄市,三民區,大豐二路、義德路
16,高雄市,左營區,博愛二路、明華一路
17,高雄市,左營區,左營新路、孔營路
18,高雄市,路竹區,國昌路、237巷
19,高雄市,路竹區,國昌路、建國路
20,高雄市,路竹區,國昌路、自強街
21,高雄市,路竹區,大智路、大勇路
22,高雄市,大寮區,崇仁街、永吉街
23,高雄市,永安區,保興二路、保興二路 6-5號
24,高雄市,苓雅區,武廟路、心正路
25,高雄市,苓雅區,中正一路/高速公路東側便道
"內政部「永續提升人行安全計畫」核定案件及補助經費表",,,,,,
"項次",縣市別,案件名稱,核定路口數,"核定總經費(千元)","中央補助款(千元)","地方配合款(千元)"
1,高雄市,高雄市-符合交通部盤點提供之易肇事路口案,60,"120,000","98,400","21,600"
"內政部「永續提升人行安全計畫」核定地方政府提報符合交通部盤點提供之易肇事路口清單",,,
"項次",縣市別,市區鄉鎮,路口位置
26,高雄市,苓雅區,中正一路、輔仁路
27,高雄市,三民區,九如一路/高速公路西側便道
28,高雄市,三民區,同盟一路/自由一路
29,高雄市,楠梓區,海專路/德民路
30,高雄市,左營區,博愛二路/裕誠路
31,高雄市,左營區,華夏路/新莊一路
32,高雄市,左營區,新庄仔路/翠華路
33,高雄市,仁武區,水管路/澄觀路
34,高雄市,左營區,自由三路、孟子路
35,高雄市,苓雅區,三多一路、體育場路
36,高雄市,前鎮區,瑞隆路、瑞福路
37,高雄市,三民區,建國二路、復興一路
38,高雄市,鳳山區,青年路二段、文化路
39,高雄市,苓雅區,中華四路、苓雅二路
40,高雄市,苓雅區,三多四路、城西街
41,高雄市,苓雅區,青年二路、海邊路
42,高雄市,前金區,七賢二路、河東路
43,高雄市,鼓山區,南屏路、昌盛路
44,高雄市,左營區,榮總路、榮佑路
45,高雄市,三民區,九如一路、永年街
46,高雄市,鳳山區,八德路、文衡路
47,高雄市,苓雅區,四維三路、林森二路
48,高雄市,苓雅區,中華四路、興中二路
49,高雄市,楠梓區,加昌路、區東路
50,高雄市,苓雅區,四維一路、凱旋二路
"內政部「永續提升人行安全計畫」核定案件及補助經費表",,,,,,
"項次",縣市別,案件名稱,核定路口數,"核定總經費(千元)","中央補助款(千元)","地方配合款(千元)"
1,高雄市,高雄市-符合交通部盤點提供之易肇事路口案,60,"120,000","98,400","21,600"
"內政部「永續提升人行安全計畫」核定地方政府提報符合交通部盤點提供之易肇事路口清單",,,
"項次",縣市別,市區鄉鎮,路口位置
51,高雄市,左營區,文府路、重忠路
52,高雄市,左營區,自由二路、明誠二路
53,高雄市,楠梓區,德民路、高楠公路
54,高雄市,楠梓區,德民路、德民路18巷
55,高雄市,楠梓區,德民路、監理站大門
56,高雄市,楠梓區,德民路、惠豐街
57,高雄市,楠梓區,德民路、惠都街
58,高雄市,楠梓區,德民路、藍昌路、後昌新路
59,高雄市,大寮區,光明、萬丹、至學路口
60,高雄市,左營區,明誠二路、博愛二路
"內政部「永續提升人行安全計畫」核定案件及補助經費表",,,,,,
"項次",縣市別,案件名稱,核定路口數,"核定總經費(千元)","中央補助款(千元)","地方配合款(千元)"
1,屏東縣,屏東縣-符合交通部盤點提供之易肇事路口案,6,"12,000","10,560","1,440"
"內政部「永續提升人行安全計畫」核定地方政府提報符合交通部盤點提供之易肇事路口清單",,,
"項次",縣市別,市區鄉鎮,路口位置
1,屏東縣,東港鎮,中山路、中正路
2,屏東縣,潮州鎮,中正路、太平路
3,屏東縣,潮州鎮,光春圓環
4,屏東縣,潮州鎮,中正路、延平路、永坤路
5,屏東縣,潮州鎮,中正路、六合路
6,屏東縣,恆春鎮,中正路、福德路
"內政部「永續提升人行安全計畫」核定案件及補助經費表",,,,,,
"項次",縣市別,案件名稱,核定路口數,"核定總經費(千元)","中央補助款(千元)","地方配合款(千元)"
1,宜蘭縣,宜蘭縣-符合交通部盤點提供之易肇事路口案,6,"4,370","3,671",699
"內政部「永續提升人行安全計畫」核定地方政府提報符合交通部盤點提供之易肇事路口清單",,,
"項次",縣市別,市區鄉鎮,路口位置
1,宜蘭縣,蘇澳鎮,江夏路、南安路
2,宜蘭縣,宜蘭市,中山路二段、民權路一段
3,宜蘭縣,羅東鎮,興東路與倉前路口
4,宜蘭縣,羅東鎮,公正路與中華路口
5,宜蘭縣,羅東鎮,公正路與忠孝路口
6,宜蘭縣,五結鄉,五結中路三段、三興西路
"內政部「永續提升人行安全計畫」核定案件及補助經費表",,,,,,
"項次",縣市別,案件名稱,核定路口數,"核定總經費(千元)","中央補助款(千元)","地方配合款(千元)"
1,花蓮縣,花蓮縣-符合交通部盤點提供之易肇事路口案,4,"8,000","6,720","1,280"
"內政部「永續提升人行安全計畫」核定地方政府提報符合交通部盤點提供之易肇事路口清單",,,
"項次",縣市別,市區鄉鎮,路口位置
1,花蓮縣,花蓮市,國聯一路、國聯三路
2,花蓮縣,花蓮市,國聯四路、國聯五路
3,花蓮縣,花蓮市,中美路、化道路
4,花蓮縣,花蓮市,中山路、林森路
"內政部「永續提升人行安全計畫」核定案件及補助經費表",,,,,,
"項次",縣市別,案件名稱,核定路口數,"核定總經費(千元)","中央補助款(千元)","地方配合款(千元)"
1,澎湖縣,澎湖縣-符合交通部盤點提供之易肇事路口案,1,"2,000","1,760",240
"內政部「永續提升人行安全計畫」核定地方政府提報符合交通部盤點提供之易肇事路口清單",,,
"項次",縣市別,市區鄉鎮,路口位置
1,澎湖縣,馬公市,民福路、海埔路
