縣市,鄉鎮市區,路口,件數,死亡人數,受傷人數,補助
新北市,三重區,新北大道一段、中華路,14,0,15,無
桃園市,桃園區,復興路、民生路,11,1,17,無
新北市,板橋區,館前西路、南門街,12,0,12,有
新北市,中和區,景平路、景安路,9,1,15,無
新北市,新店區,復興路、順安街,11,0,12,有
臺北市,中正區,羅斯福路一段、南海路,10,0,12,有
新北市,汐止區,新台五路二段、福安街,10,0,12,無
臺北市,萬華區,西園路二段、寶興街,8,1,13,有
臺中市,北區,三民路三段、育才街,9,0,13,有
桃園市,桃園區,復興路、民權路,10,0,11,無
臺北市,中山區,松江路、農安街,9,1,10,有
新北市,永和區,中正路、民享街,8,0,14,有
新北市,永和區,中正路、得和路,9,0,12,有
新北市,三重區,正義北路、信義西街,9,0,12,無
桃園市,桃園區,三民路二段、民生路,9,0,12,無
桃園市,桃園區,中正路、莊二街,10,0,10,有
臺北市,中山區,建國北路三段、民權東路三段,10,0,10,有
臺南市,北區,公園路、公園南路,8,0,13,有
新北市,永和區,仁愛路、保生路,8,0,13,無
臺北市,中山區,民權東路二段、吉林路,9,0,11,有
桃園市,蘆竹區,中正路、南竹路,8,1,10,無
新北市,汐止區,新台五路一段、南興路,9,0,10,無
新北市,三峽區,中正路一段、大同路,9,0,10,無
桃園市,龍潭區,大昌路二段、五福街,9,0,10,有
新北市,中和區,中正路、板南路,8,0,11,無
臺北市,中正區,忠孝西路一段、重慶南路一段,9,0,9,有
桃園市,龜山區,萬壽路一段、中正路,7,1,10,無
桃園市,八德區,公園路、大智路,8,0,10,有
桃園市,桃園區,三民路三段、中山路,8,1,7,無
高雄市,前金區,中正四路、瑞源路,8,0,9,有
臺中市,霧峰區,中正路、萊園路,7,0,10,有
桃園市,蘆竹區,中正路、忠孝西路,8,0,8,無
臺北市,大安區,信義路三段、建國南路一段,8,0,8,有
臺中市,北屯區,文心路四段、興安路一段,8,0,8,無
桃園市,龍潭區,北龍路、龍華路,5,1,11,有
臺北市,大同區,重慶北路二段、涼州街,7,1,7,有
桃園市,龍潭區,神龍路、新龍路,6,2,6,有
臺北市,大同區,承德路一段、長安西路,4,0,15,有
桃園市,桃園區,大有路、民光東路,6,0,11,有
臺北市,大同區,重慶北路二段、民生西路,7,0,9,有
新北市,三重區,正義南路、光興街,7,0,9,無
新北市,蘆洲區,三民路、民族路,7,0,9,無
桃園市,桃園區,中正路、同德五街,7,0,9,有
新北市,永和區,永和路二段、仁愛路,7,0,9,有
臺北市,中山區,中山北路二段、民生西路,7,0,9,有
臺北市,中山區,民權東路三段、龍江路,6,1,8,有
新北市,汐止區,新台五路一段、連興街,7,1,6,有
新北市,永和區,永和路二段、文化路,6,0,10,有
新北市,三重區,集賢路、五華街,6,0,10,無
臺北市,中山區,民權東路一段、林森北路,6,0,10,有
臺北市,萬華區,中華路一段、開封街二段,6,0,10,有
桃園市,龍潭區,中正路、北龍路,6,0,10,無
臺中市,沙鹿區,臺灣大道六段、正英路,6,0,10,無
桃園市,桃園區,中山路、民族路,7,0,8,有
臺北市,中正區,館前路、開封街一段,7,0,8,有
臺北市,大安區,仁愛路三段、建國南路一段,7,0,8,有
臺北市,中正區,忠孝西路一段、館前路,7,0,8,有
桃園市,桃園區,大同路、重慶街,7,0,8,有
臺中市,北屯區,文心路四段、熱河路二段,7,0,8,無
臺北市,中山區,民權東路二段、中原街,7,0,8,有
桃園市,桃園區,中正路、復興路,7,0,8,無
新北市,新店區,安康路二段、安德街,6,0,9,有
新北市,三峽區,大學路、學成路,6,0,9,無
桃園市,桃園區,春日路、民光東路,6,0,9,無
新北市,新莊區,中華路、幸福路,6,0,9,無
臺北市,萬華區,西藏路、西藏路125巷,6,0,9,有
臺北市,北投區,中和街、珠海路,7,0,7,有
臺北市,中山區,中山北路一段、長安西路,7,0,7,有
新北市,新店區,中正路、民族路,7,0,7,無
臺中市,大雅區,雅潭路四段、學府路,7,0,7,無
臺北市,士林區,承德路四段、大南路,7,0,7,有
臺中市,烏日區,中山路一段、興祥街,7,0,7,無
臺北市,文山區,羅斯福路五段、萬盛街,4,1,10,有
新北市,三重區,福德北路、信義街,5,0,10,無
新北市,新店區,建國路、民族路,6,0,8,有
臺北市,中山區,民生東路三段、合江街,6,0,8,有
桃園市,桃園區,中正路、三民路,6,0,8,無
新北市,蘆洲區,三民路、長榮路,6,0,8,有
新北市,永和區,中山路一段、保生路,6,0,8,有
桃園市,龜山區,中興路、自強南路,6,0,8,有
新北市,中和區,中和路、泰和街,6,0,8,無
新北市,新莊區,中原路、福壽街,6,0,8,有
臺中市,北區,三民路三段、錦中街,6,0,8,有
桃園市,中壢區,中美路、延平路,6,0,8,有
臺北市,萬華區,西園路一段、和平西路三段,5,0,9,有
新北市,三重區,中正北路115巷、中正北路,5,0,9,無
桃園市,八德區,福國北街、仁愛街,5,0,9,有
臺北市,內湖區,內湖路二段103巷、麗山街37巷,5,0,9,有
新北市,中和區,景平路、安樂路,6,0,7,無
臺北市,內湖區,舊宗路一段、新湖三路,6,0,7,有
新北市,汐止區,中興路、福德二路,6,0,7,有
臺南市,永康區,中山南路、中華西街,6,0,7,無
桃園市,桃園區,經國路、南平路,6,0,7,有
臺北市,大安區,信義路四段、敦化南路一段,6,0,7,有
臺南市,永康區,復國一路、復華三街,6,0,7,有
臺中市,南區,高工路、工學二街,6,0,7,有
桃園市,中壢區,中央西路一段、中豐路,6,0,7,有
臺北市,中山區,林森北路、民生東路一段,6,0,7,有
桃園市,桃園區,中山路、國際路二段,6,0,7,無
桃園市,桃園區,中山路、上海路,6,0,7,無
新北市,板橋區,中山路、民權路,5,1,6,無
臺北市,萬華區,漢中街、成都路,5,2,3,有
新北市,三重區,重新路、重陽路,5,0,8,無
臺北市,文山區,辛亥路五段、辛亥路五段25巷,5,0,8,有
高雄市,左營區,自由三路、孟子路,5,0,8,有
臺中市,北區,進化北路、榮華街,5,0,8,有
臺北市,萬華區,昆明街、長沙街二段,5,0,8,有
桃園市,八德區,中華路、高城路,5,0,8,無
桃園市,桃園區,中山路、育樂街,5,0,8,無
臺中市,沙鹿區,沙田路、中正街,6,0,6,有
臺北市,中山區,松江路、長春路,6,0,6,有
臺南市,永康區,中華路、大橋二街,6,0,6,無
桃園市,八德區,介壽路一段、陸光街,6,0,6,無
桃園市,八德區,介壽路一段、建國路,6,0,6,無
臺北市,萬華區,昆明街、內江街,6,0,6,有
桃園市,中壢區,民族路二段、正光街,6,0,6,有
臺北市,中山區,吉林路、錦州街,6,0,6,有
新北市,三重區,集賢路、集英路,6,0,6,無
新北市,三峽區,民生街、國光街,6,0,6,無
新北市,林口區,文化一路一段、忠孝路,6,0,6,無
臺北市,中正區,中華路一段、愛國西路,6,0,6,有
高雄市,苓雅區,五福一路、和平一路,6,0,6,有
新北市,板橋區,縣民大道、漢生東路,6,0,6,無
新北市,新莊區,思源路、幸福路,5,1,5,無
新北市,汐止區,新台五路二段、秀峰路,5,1,5,無
桃園市,桃園區,中正路、南平路,5,1,5,有
新北市,淡水區,中正東路、學府路,5,1,5,無
新北市,板橋區,縣民大道一段、南雅南路二段,4,0,9,無
桃園市,楊梅區,中興路、中興路80巷,4,0,9,有
新北市,土城區,立德路、延和路,4,0,9,有
新北市,土城區,金城路三段、峰廷街,5,0,7,無
臺北市,文山區,景文街、羅斯福路六段401巷,5,0,7,有
臺中市,大雅區,雅潭路四段、建興路,5,0,7,有
新北市,新店區,中興路、寶橋路,5,0,7,無
臺北市,中正區,仁愛路二段、金山南路一段,5,0,7,有
臺北市,中正區,公園路、貴陽街一段,5,0,7,有
新北市,金山區,中山路、中正路,5,0,7,有
臺北市,士林區,重慶北路四段、葫東街,5,0,7,有
臺中市,北屯區,崇德路三段、豐樂路,5,0,7,有
桃園市,中壢區,中山東路二段、日新路,5,0,7,有
高雄市,鳳山區,中山路、成功路,5,0,7,有
臺北市,信義區,忠孝東路五段、松信路,5,0,7,有
臺北市,信義區,信義路五段、松智路,5,0,7,有
新北市,三重區,自強路一段、文化北路,5,0,7,有
臺北市,中山區,市民大道二段、林森北路,5,0,7,有
新北市,淡水區,民權路、民富街,5,0,7,無
臺北市,中山區,南京東路一段、林森北路,5,0,7,有
桃園市,平鎮區,中豐路山頂段、南豐路,5,0,7,有
桃園市,桃園區,大同路、南華街,5,0,7,有
新北市,中和區,中和路、宜安路,5,0,7,有
新北市,新莊區,中正路、新泰路,5,0,7,無
新北市,中和區,景新街383巷、景新街,5,0,7,無
新北市,永和區,永和路二段、中興街,4,1,6,有
臺北市,信義區,信義路四段、光復南路,5,1,4,有
桃園市,中壢區,中華路一段、復華街,5,1,4,無
桃園市,桃園區,建新街、保羅街,4,2,3,有
臺北市,文山區,指南路二段、萬壽路,4,0,8,有
桃園市,平鎮區,中豐路山頂段、日星街,4,0,8,有
臺中市,西區,三民路一段、民生路,5,0,6,有
新北市,淡水區,中正東路一段3巷、中正東路一段,5,0,6,無
桃園市,桃園區,大興西路二段、大興西路二段80巷,5,0,6,有
新北市,中和區,景新街467巷、景新街,5,0,6,有
新北市,新莊區,中正路、富國路,5,0,6,無
新北市,新莊區,中平路、榮華路,5,0,6,無
高雄市,鳳山區,建國路三段、文濱路,5,0,6,無
新北市,中和區,中正路、立言街,5,0,6,無
新北市,中和區,中興街、板南路,5,0,6,無
桃園市,八德區,介壽路一段、大智路,5,0,6,無
新北市,中和區,中山路二段、光華街,5,0,6,有
臺北市,文山區,興隆路二段、興隆路二段244巷,5,0,6,有
新北市,土城區,明德路一段、延吉街,5,0,6,有
新北市,林口區,中山路、林口路,5,0,6,無
臺中市,大雅區,雅潭路四段、神林南路,5,0,6,有
新北市,新店區,中正路、三民路,5,0,6,有
桃園市,桃園區,春日路、大興路,5,0,6,無
桃園市,桃園區,桃鶯路、建國路,5,0,6,有
臺北市,大安區,忠孝東路四段、敦化南路一段,5,0,6,有
桃園市,中壢區,延平路、元化路,5,0,6,有
新北市,中和區,連城路、新生街,5,0,6,無
新北市,三重區,三和路三段、龍門路,5,0,6,有
臺北市,信義區,信義路五段、莊敬路,5,0,6,有
臺中市,南屯區,文心路一段、大業路,5,0,6,有
桃園市,桃園區,介壽路、保羅街,5,0,6,有
桃園市,桃園區,中平路、中州街,4,0,7,有
桃園市,中壢區,中山路、和平街,4,0,7,有
新北市,淡水區,大忠街113巷、北新路,4,0,7,無
新北市,三重區,三和路二段、長生街,4,0,7,無
新北市,中和區,宜安路168巷、宜安路,4,0,7,無
臺中市,大甲區,中山路一段、民生路,4,0,7,有
臺北市,大安區,建國南路一段、濟南路三段,4,0,7,有
新北市,板橋區,縣民大道一段、府中路,4,0,7,無
臺北市,信義區,吳興街、吳興街220巷,4,0,7,有
臺北市,萬華區,中華路一段、漢口街二段,4,0,7,有
臺北市,文山區,景文街、景文街103巷,4,0,7,有
臺中市,沙鹿區,臺灣大道七段、中山路,4,0,7,無
高雄市,左營區,博愛二路、裕誠路,4,0,7,無
臺北市,中山區,建國北路一段、長安東路二段,4,0,7,有
臺中市,北區,三民路三段、精武路,4,0,7,有
桃園市,中壢區,中正路、民權路,5,0,5,有
桃園市,中壢區,環中東路、榮安一街,5,0,5,有
桃園市,平鎮區,民族路二段、文化街,5,0,5,有
臺南市,永康區,中正北路、中正七街,5,0,5,無
桃園市,龜山區,萬壽路二段、自強西路,5,0,5,無
臺北市,萬華區,中華路二段、西藏路,5,0,5,有
新北市,新店區,祥和路、安興路,5,0,5,無
臺中市,沙鹿區,中山路、成功東街,5,0,5,有
臺中市,沙鹿區,中山路、沙田路,5,0,5,有
臺中市,沙鹿區,中山路、大新街,5,0,5,有
臺北市,中山區,北安路、大直街,5,0,5,有
臺北市,中正區,羅斯福路一段、寧波西街,5,0,5,有
臺北市,中正區,襄陽路、懷寧街,5,0,5,有
臺北市,松山區,南京東路四段、北寧路,5,0,5,有
桃園市,龍潭區,中正路、五福街,5,0,5,有
新北市,新莊區,中平路、幸福路,5,0,5,有
新北市,新莊區,中央路、中信街,5,0,5,有
臺南市,中西區,中正路、永福路,5,0,5,無
新北市,林口區,中山路、竹林路,5,0,5,無
臺北市,內湖區,基湖路、基湖路35巷,5,0,5,有
新北市,板橋區,中正路、國光路,5,0,5,有
新北市,板橋區,文化路一段、新府路,5,0,5,無
臺中市,北區,學士路、五義街,5,0,5,無
桃園市,中壢區,晉元路、華勛街,5,0,5,有
新北市,永和區,文化路、信義路,5,0,5,無
新北市,新莊區,幸福路、福壽街,5,0,5,無
桃園市,桃園區,大有路、寶山街,5,0,5,有
高雄市,苓雅區,建國一路、輔仁路,5,0,5,無
高雄市,大寮區,鳳屏一路、成功路,5,0,5,無
桃園市,楊梅區,中山路、武營街,5,0,5,無
新北市,新店區,北新路、寶橋路,5,0,5,無
新北市,新店區,北新路一段、檳榔路,5,0,5,無
桃園市,中壢區,民族路二段、正大街,5,0,5,有
新北市,中和區,景平路、大勇街,5,0,5,無
臺北市,北投區,東華街一段、東陽街,5,0,5,有
臺北市,中山區,民生東路一段、林森北路,5,0,5,無
高雄市,左營區,民族一路、榮佑路,5,0,5,無
臺北市,信義區,基隆路二段、吳興街,5,0,5,有
桃園市,桃園區,南平路、同安街,5,0,5,有
新北市,汐止區,大同路二段184巷、大同路二段,5,0,5,無
臺北市,信義區,松仁路、松平路,5,0,5,有
新北市,汐止區,新台五路一段、青山路,5,0,5,無
臺北市,中山區,建國北路二段、錦州街,5,0,5,有
桃園市,桃園區,中華路、南華街,5,0,5,有
桃園市,蘆竹區,大竹路、大福路,4,1,4,有
臺北市,信義區,忠孝東路四段、基隆路一段,4,1,4,有
臺中市,北區,進化路、國泰街,4,1,4,有
新北市,中和區,員山路、民安街,4,1,4,有
高雄市,大寮區,鳳屏一路、八德路,4,1,4,無
臺北市,中正區,中華路一段、漢口街一段,4,1,4,有
臺北市,文山區,興隆路三段、萬芳路,4,1,4,有
臺北市,萬華區,忠孝西路二段、西寧南路,4,1,4,有
桃園市,桃園區,大同路、民權路,4,0,6,有
臺南市,中西區,中山路、民族路,4,0,6,無
桃園市,龍潭區,中興路、武漢路,4,0,6,無
新北市,淡水區,中正東路二段、八勢一街,4,0,6,無
臺南市,永康區,中華路、中華西街,4,0,6,無
桃園市,中壢區,環北路、六和路,4,0,6,無
桃園市,平鎮區,中庸路、大連街,4,0,6,有
桃園市,平鎮區,中豐路、延平路一段,4,0,6,有
桃園市,平鎮區,中豐路、環南路三段,4,0,6,有
臺中市,西屯區,臺灣大道四段、福康路,4,0,6,有
桃園市,中壢區,中華路二段、育樂路,4,0,6,無
臺中市,北區,五權路、育才北路,4,0,6,有
新北市,土城區,延吉街、永豐路,4,0,6,有
臺南市,安平區,安平路、華平路,4,0,6,有
臺北市,大安區,忠孝東路四段216巷、敦化南路一段233巷,4,0,6,有
臺北市,中正區,和平西路二段、南海路,4,0,6,有
臺北市,大同區,承德路二段、民權西路,4,0,6,有
高雄市,新興區,七賢一路、林森一路,4,0,6,有
臺南市,東區,中華東路二段、中華東路二段295巷,4,0,6,有
臺南市,東區,北門路一段、民族路一段,4,0,6,有
新北市,板橋區,縣民大道一段、南雅南路一段,4,0,6,無
新北市,板橋區,館前西路160巷、館前西路,4,0,6,無
臺南市,北區,公園路、北忠街,4,0,6,有
桃園市,中壢區,延平路、中山路,4,0,6,有
新北市,蘆洲區,集賢路224巷、集賢路,4,0,6,無
臺北市,中山區,北安路、敬業四路,4,0,6,有
臺北市,內湖區,民權東路六段、行愛路,4,0,6,有
臺北市,北投區,中和街、中和街292巷,4,0,6,有
新北市,汐止區,忠孝東路、南昌街,4,0,6,有
臺北市,文山區,木新路三段、興隆路四段,4,0,6,有
臺中市,北屯區,崇德路、青島路,4,0,6,有
臺北市,士林區,德行西路、福華路,4,0,6,有
新北市,永和區,得和路、民族街,4,0,6,無
桃園市,中壢區,中山路、長江路,4,0,6,有
桃園市,中壢區,中山路、新明路,4,0,6,有
新北市,三峽區,復興路、民生街,4,1,3,有
臺北市,文山區,興隆路四段、下崙路,4,1,3,有
高雄市,苓雅區,三多一路、體育場路,4,1,3,有
新北市,新店區,新烏路一段11巷、新烏路一段,4,1,3,無
臺北市,大同區,重慶北路三段、伊寧街,3,2,2,有
高雄市,前鎮區,中山三路、凱旋四路,3,0,7,無
臺南市,北區,公園南路、西華街,3,0,7,有
新北市,板橋區,重慶路、光明街,3,0,7,無
臺南市,中西區,永福路、和意路,3,0,7,無
臺中市,西屯區,臺灣大道四段、東大路一段,3,0,7,無
桃園市,中壢區,環西路、志廣路,4,0,5,無
新北市,蘆洲區,民族路、民權路,4,0,5,無
新北市,汐止區,水源路一段、莊敬街,4,0,5,無
臺北市,中山區,南京東路三段、龍江路,4,0,5,有
臺北市,中山區,長安東路一段、天津街,4,0,5,有
臺南市,永康區,中華路、大橋一街,4,0,5,無
臺中市,沙鹿區,鎮南路二段、沙田路,4,0,5,有
桃園市,桃園區,中山路、國際路一段,4,0,5,無
桃園市,桃園區,中山路、民權路,4,0,5,有
桃園市,龜山區,復興一路、文化五路,4,0,5,有
新北市,新莊區,中原路、中平路,4,0,5,無
臺中市,潭子區,中山路二段、雅潭路一段,4,0,5,無
臺中市,潭子區,勝利路、勝利六街,4,0,5,有
臺北市,萬華區,西園路二段、西藏路,4,0,5,有
臺北市,萬華區,西寧南路、長沙街二段,4,0,5,有
臺北市,萬華區,西寧南路、貴陽街二段,4,0,5,有
臺北市,北投區,石牌路一段、致遠一路二段,4,0,5,有
臺北市,中山區,中山北路二段、長春路,4,0,5,有
高雄市,新興區,民族二路、信守街,4,0,5,有
臺北市,大安區,敦化南路二段、四維路154巷,4,0,5,有
臺中市,南區,復興路二段、新和街,4,0,5,有
新北市,三重區,中正北路、三民街,4,0,5,有
新北市,三重區,中正南路、同安街,4,0,5,有
新北市,三重區,五華街、溪尾街,4,0,5,無
臺北市,萬華區,環河南路二段、和平西路三段,4,0,5,有
臺中市,中區,三民路二段、成功路,4,0,5,有
新北市,板橋區,文化路二段、莒光路,4,0,5,無
臺北市,萬華區,康定路、廣州街,4,0,5,有
新北市,土城區,延吉街、延安街,4,0,5,無
臺北市,文山區,景中街、景美街,4,0,5,有
臺北市,內湖區,康寧路一段、星雲街,4,0,5,有
新北市,林口區,仁愛路二段、東湖路,4,0,5,無
新北市,板橋區,館前東路、重慶路,4,0,5,無
臺南市,北區,公園路、北安路一段,4,0,5,有
桃園市,平鎮區,環南路、復旦路,4,0,5,無
臺中市,北屯區,松竹路一段、敦富路,4,0,5,有
臺中市,西區,忠明南路、長春街,4,0,5,有
臺北市,中正區,中華路二段、西藏路,4,0,5,有
臺北市,中正區,中山南路、信義路一段,4,0,5,有
臺北市,中正區,中華路二段、南海路,4,0,5,有
高雄市,苓雅區,建國一路、福德二路,4,0,5,無
臺北市,大安區,通化街171巷、通化街,4,0,5,有
臺中市,西區,向上北路、華美街,4,0,5,有
新北市,汐止區,明峰街、民族六街,4,0,5,無
臺北市,信義區,基隆路二段、嘉興街216巷,4,0,5,有
新北市,三重區,集賢路、三信路,4,0,5,無
臺北市,信義區,松高路、松勇路,4,0,5,有
新北市,三重區,重陽路二段、中正北路,4,0,5,有
新北市,三重區,三和路四段、自強路三段,4,0,5,無
臺中市,北區,民權路、梅亭街,4,0,5,有
新北市,新店區,安民街、吉安街,4,0,5,無
桃園市,中壢區,中北路二段、健行路,4,0,5,有
高雄市,前金區,中華三路、六合二路,4,0,5,無
桃園市,蘆竹區,南竹路一段、桃園街,4,0,5,有
桃園市,蘆竹區,南崁路、南竹路,4,0,5,有
高雄市,前鎮區,瑞隆路、瑞福路,4,0,5,有
臺北市,大安區,和平東路二段、建國南路二段,4,0,5,有
高雄市,三民區,建國二路、復興一路,4,0,5,有
高雄市,鳳山區,五甲三路、自強二路,4,0,5,有
高雄市,鳳山區,青年路二段、文化路,4,0,5,有
臺北市,中正區,杭州南路一段、青島東路,4,0,5,有
臺北市,中正區,林森南路、青島東路,4,0,5,有
臺北市,中正區,重慶南路一段、開封街一段,4,0,5,有
桃園市,桃園區,中正路、和平路,3,1,4,有
新北市,三重區,國路一段、力行路二段,3,1,4,無
臺北市,信義區,忠孝東路五段、松仁路,3,1,4,有
臺北市,大安區,忠孝東路三段、新生南路一段,3,1,4,有
高雄市,苓雅區,中華四路、苓雅二路,3,0,6,有
高雄市,苓雅區,三多四路、城西街,3,0,6,有
高雄市,苓雅區,大順三路109巷、大順三路,3,0,6,無
臺中市,豐原區,中正路、和平街,3,0,6,有
臺中市,豐原區,中正路、市前街,3,0,6,有
高雄市,苓雅區,青年二路、海邊路,3,0,6,有
新北市,三重區,正義南路、福裕街,3,0,6,無
臺北市,萬華區,中華路一段、成都路,3,0,6,有
新北市,土城區,學府路一段、裕民路,3,0,6,無
臺北市,萬華區,桂林路、華西街,3,0,6,有
新北市,永和區,中正路、秀朗路一段,3,0,6,無
桃園市,中壢區,新中北路、新中一街,3,0,6,有
臺南市,東區,北門路一段、北門路一段30巷,3,0,6,有
臺南市,東區,東門路二段、林森路一段,3,0,6,有
臺中市,南區,復興路一段、樹義路,3,0,6,有
臺北市,文山區,興隆路三段、興隆路三段185巷,3,0,6,有
新北市,新店區,安康路三段207巷、安康路三段,3,0,6,有
桃園市,中壢區,文化路、長春路,3,0,6,有
高雄市,楠梓區,德賢路550巷、德賢路,3,0,6,有
高雄市,前金區,七賢二路、河東路,3,0,6,有
新北市,樹林區,中山路三段、佳園路一段,3,0,6,有
高雄市,旗山區,延平一路、仁和街,3,0,6,無
桃園市,龜山區,山鶯路、山鶯路文華巷,3,0,6,無
新北市,中和區,中安街、安平路,3,0,6,無
臺北市,中正區,懷寧街、漢口街一段,3,0,6,有
新北市,板橋區,民族路、民權路,3,0,6,有
臺南市,中西區,成功路、公園路,3,0,6,有
臺北市,士林區,中山北路五段、中正路,3,0,6,有
桃園市,龜山區,萬壽路二段、金福街,3,0,6,無
桃園市,桃園區,中山東路、朝陽街,3,0,6,有
桃園市,桃園區,中山東路、福昌街,3,0,6,有
臺北市,中山區,南京東路三段、復興北路,3,0,6,有
高雄市,鼓山區,南屏路、昌盛路,3,0,6,有
桃園市,中壢區,中正路、復興路,3,0,6,有
新北市,蘆洲區,民族路、信義路,4,0,4,無
臺中市,北區,太原路二段、永興街,4,0,4,有
桃園市,平鎮區,中豐路南勢二段、南京路,4,0,4,有
臺北市,中山區,林森北路、農安街,4,0,4,有
桃園市,桃園區,南平路、永安北路,4,0,4,有
高雄市,左營區,榮總路、榮佑路,4,0,4,有
新北市,中和區,中正路、南山路,4,0,4,無
新北市,板橋區,萬板路、莊敬路,4,0,4,有
新北市,新莊區,新泰路、復興路,4,0,4,無
臺北市,內湖區,成功路三段、星雲街,4,0,4,有
臺北市,內湖區,港墘路、港華街,4,0,4,有
新北市,新店區,北新路二段、寶橋路,4,0,4,無
桃園市,八德區,和平路、和義一街,4,0,4,有
桃園市,大溪區,康莊路、復興路,4,0,4,無
桃園市,平鎮區,延平路一段、新榮路,4,0,4,有
桃園市,桃園區,春日路、成功路二段,4,0,4,無
新北市,三重區,三陽路、名源街,4,0,4,無
新北市,汐止區,大同路三段、長安路,4,0,4,無
新北市,汐止區,新台五路一段、秀峰路,4,0,4,無
臺北市,中正區,忠孝東路二段、臨沂街,4,0,4,有
臺北市,信義區,松智路、松平路,4,0,4,有
桃園市,桃園區,大林路、延平路,4,0,4,有
桃園市,龜山區,文青路、文學路,4,0,4,有
新北市,中和區,中山路二段、員山路,4,0,4,無
新北市,汐止區,新台五路一段、仁愛路,4,0,4,無
新北市,板橋區,信義路150巷、信義路,4,0,4,有
臺北市,大同區,承德路二段、錦西街,4,0,4,有
臺北市,中山區,長春路、伊通街,4,0,4,有
臺北市,中正區,中山北路一段、北平東路,4,0,4,有
新北市,樹林區,樹新路、保順街,4,0,4,無
桃園市,龜山區,中和南路、新樂街,4,0,4,有
新北市,板橋區,民生路一段、長安街,4,0,4,有
新北市,新店區,民族路、建國路,4,0,4,無
臺北市,中山區,中山北路三段、農安街,4,0,4,有
臺北市,中正區,金山南路一段、濟南路二段,4,0,4,有
臺北市,中正區,羅斯福路一段、寧波東街,4,0,4,有
臺北市,信義區,永吉路、松山路,4,0,4,有
臺北市,萬華區,西寧南路、洛陽街,4,0,4,有
高雄市,三民區,九如一路、永年街,4,0,4,有
新北市,三重區,自強路四段、仁愛街,4,0,4,有
新北市,泰山區,明志路三段、工專路,4,0,4,有
新北市,淡水區,新市一路三段101巷、新市一路三段,4,0,4,無
臺北市,中正區,仁愛路一段、林森南路,4,0,4,有
新北市,板橋區,金門街、溪城路,4,0,4,有
臺北市,大安區,信義路四段、安和路一段,4,0,4,有
新北市,板橋區,國光路、公館街,4,0,4,有
臺中市,西屯區,文心路三段、四川路,4,0,4,有
桃園市,八德區,中山路、中山路1496巷,4,0,4,無
桃園市,桃園區,中山路、民生路,4,0,4,有
桃園市,蘆竹區,中山路、仁愛路二段,4,0,4,有
高雄市,左營區,自由二路、裕誠路,4,0,4,有
新北市,汐止區,龍安路28巷、連興街,4,0,4,無
臺中市,清水區,中山路、文化路,4,0,4,有
臺北市,大安區,復興南路二段、瑞安街23巷,4,0,4,有
新北市,泰山區,明志路一段、美寧街,4,0,4,無
高雄市,新興區,中正三路、復興一路,4,0,4,有
新北市,三重區,環河南路、重安街,4,0,4,無
新北市,三峽區,學成路、大學路,4,0,4,有
新北市,新店區,中興路一段、檳榔路,4,0,4,無
新北市,新莊區,中原路、思源路,4,0,4,無
臺北市,中山區,松江路、德惠街,4,0,4,有
臺北市,中山區,新生北路三段、濱江街,4,0,4,有
臺北市,文山區,木柵路一段、木柵路一段191巷,4,0,4,有
桃園市,八德區,介壽路二段、和平路,4,0,4,無
桃園市,桃園區,三民路二段、中央街,4,0,4,無
新北市,三重區,自強路五段、五華街,4,0,4,無
新北市,三重區,重新路五段、中興南街,4,0,4,無
新北市,泰山區,明志路、楓江路,4,0,4,有
新北市,新莊區,思源路、中原東路,4,0,4,無
臺中市,清水區,中華路、五權路,4,0,4,無
臺北市,中正區,和平西路一段、南昌路二段,4,0,4,有
臺中市,西屯區,西屯路三段、玉門路,4,0,4,有
新北市,三重區,正義北路、大榮街,3,1,3,無
臺北市,文山區,景隆街、景隆街36巷,3,1,3,有
新北市,中和區,錦和路、圓通路,3,1,3,無
桃園市,楊梅區,楊新路、大成路,3,1,3,有
臺中市,東勢區,東關路七段、正二街,3,1,3,無
臺中市,西屯區,西屯路二段、河南路二段,3,1,3,有
新北市,土城區,中央路三段、永寧路,3,1,3,無
高雄市,三民區,十全一路、自由一路,3,1,3,有
臺北市,大同區,延平北路四段、民族西路,3,1,3,有
臺北市,信義區,永吉路、永吉路326巷,3,1,3,有
新北市,土城區,金城路二段、裕民路,3,1,3,無
臺中市,北區,學士路、英才路,2,2,2,無
臺中市,潭子區,潭興路二段、復興路二段,3,0,5,有
臺北市,大安區,仁愛路四段、安和路一段,3,0,5,有
臺北市,文山區,興隆路二段、興隆路二段220巷,3,0,5,有
臺中市,西區,臺灣大道二段、中興街,3,0,5,有
臺中市,南區,高工路、南和路,3,0,5,有
臺中市,龍井區,臺灣大道五段、遊園北路,3,0,5,無
新北市,汐止區,汐萬路一段、中正路,3,0,5,有
桃園市,八德區,介壽路一段、和平路,3,0,5,無
桃園市,龜山區,自強南路、明德路54巷,3,0,5,有
桃園市,桃園區,介壽路、南豐三街,3,0,5,無
新北市,蘆洲區,中正路、民族路,3,0,5,無
新北市,永和區,中正路、民有街,3,0,5,無
臺北市,中山區,五常街、民族東路410巷,3,0,5,有
新北市,淡水區,英專路、清水街,3,0,5,無
臺北市,中正區,中山南路、青島東路,3,0,5,有
臺北市,中正區,博愛路、武昌街一段,3,0,5,有
高雄市,新興區,五福二路、復興二路,3,0,5,有
臺北市,中山區,民權東路二段、松江路,3,0,5,有
臺北市,大安區,辛亥路三段、辛亥路三段157巷,3,0,5,有
新北市,泰山區,明志路、民生路,3,0,5,無
新北市,三重區,三和路二段、長壽街,3,0,5,無
臺北市,松山區,市民大道六段、松山路,3,0,5,有
臺北市,中正區,忠孝東路一段、紹興南街,3,0,5,有
臺中市,太平區,中山路三段、富宜路,3,0,5,有
臺中市,豐原區,三豐路一段、圓環北路一段,3,0,5,無
新北市,中和區,景平路、景新街,3,0,5,無
高雄市,鳳山區,八德路、文衡路,3,0,5,有
高雄市,苓雅區,四維三路、林森二路,3,0,5,有
新北市,中和區,景新街、興南路,3,0,5,無
新北市,永和區,竹林路39巷、竹林路,3,0,5,無
桃園市,桃園區,永安路、富國路,3,0,5,有
桃園市,桃園區,同德五街、藝文一街,3,0,5,有
臺北市,萬華區,康定路、桂林路,3,0,5,有
臺北市,大同區,重慶北路三段、民權西路,3,0,5,有
臺北市,中正區,三元街、南海路,3,0,5,有
臺中市,中區,光復路、市府路,3,0,5,有
臺北市,大安區,信義路四段、安和路二段,3,0,5,有
臺中市,南屯區,大墩路、大業路,3,0,5,有
臺中市,西屯區,臺灣大道四段、福安路,3,0,5,有
新北市,蘆洲區,永樂街38巷、永樂街,3,0,5,有
新北市,板橋區,中正路、大仁街,3,0,5,無
新北市,板橋區,中山路一段、新站路,3,0,5,無
新北市,中和區,中和路、南山路,3,0,5,無
新北市,中和區,安平路、安和路,3,0,5,無
高雄市,鼓山區,明誠三路、裕誠路,3,0,5,有
新北市,三重區,正義北路、龍門路,3,0,5,無
臺北市,大安區,和平東路三段、富陽街,3,0,5,有
臺北市,大同區,承德路三段、庫倫街,3,0,5,有
臺北市,北投區,立農街二段、義理街,3,0,5,有
臺北市,中山區,長安東路二段、伊通街,3,0,5,有
臺中市,烏日區,中山路一段、信義街,3,0,5,無
臺北市,內湖區,基湖路10巷、堤頂大道二段407巷,3,0,5,有
新北市,汐止區,新台五路一段、新興路,3,0,5,無
新北市,三重區,重陽路四段、大智街,3,1,2,無
臺北市,中正區,忠孝西路一段、公園路,3,1,2,有
新北市,蘆洲區,長榮路、光榮路,3,1,2,無
臺中市,中區,自由路二段、光復路,3,1,2,有
臺北市,文山區,木柵路三段、保儀路,3,1,2,有
桃園市,中壢區,莊敬路、永強街,3,1,2,有
臺中市,北屯區,崇德路三段、崇德九路,2,0,7,有
臺北市,文山區,興隆路二段、興隆路二段22巷,2,0,7,有
臺中市,大里區,中興路一段272巷、中興路一段,2,2,1,無
臺北市,中正區,桃源街、寶慶路,3,0,4,有
臺北市,中正區,延平南路、愛國西路,3,0,4,有
臺中市,太平區,東平路、東村路,3,0,4,有
臺北市,中山區,長安東路一段、長安東路一段53巷,3,0,4,有
臺南市,北區,成功路、裕民街,3,0,4,有
臺北市,中正區,館前路、信陽街,3,0,4,有
臺北市,萬華區,環河南路二段、廣州街,3,0,4,有
高雄市,鳳山區,文衡路、文化路,3,0,4,有
高雄市,三民區,九如一路、光武路,3,0,4,無
新北市,汐止區,忠孝東路、茄苳路,3,0,4,無
新北市,五股區,水碓一路、自強路,3,0,4,有
新北市,三重區,重陽路四段、三和路三段,3,0,4,無
新北市,三重區,成功路、集成路,3,0,4,無
臺中市,烏日區,中山路一段、中華路,3,0,4,無
臺中市,南屯區,五權西路二段、精誠路,3,0,4,有
臺中市,豐原區,中山路、博愛街,3,0,4,有
臺北市,士林區,延平北路六段、永平街,3,0,4,有
臺中市,豐原區,豐南街、育仁路,3,0,4,有
新北市,新店區,中正路418巷、中正路,3,0,4,無
新北市,板橋區,縣民大道一段、華興街,3,0,4,無
桃園市,楊梅區,環東路、新農街,3,0,4,無
桃園市,龜山區,大同路、自強南路,3,0,4,有
高雄市,鳳山區,鳳林路、杭州街,3,0,4,無
新北市,新莊區,中正路、新興街,3,0,4,無
新北市,板橋區,文聖街、大同街,3,0,4,無
桃園市,龜山區,文化二路、復興二路,3,0,4,有
新北市,三重區,中正南路、電信街,3,0,4,無
臺北市,中山區,林森北路、民族東路,3,0,4,有
臺中市,北屯區,北屯路、松山街,3,0,4,有
臺北市,士林區,忠誠路一段、德行東路,3,0,4,有
臺中市,西屯區,西屯路二段、文華路,3,0,4,有
臺北市,文山區,木柵路一段、辛亥路七段,3,0,4,有
臺北市,北投區,行義路、泉源路,3,0,4,有
臺北市,信義區,和平東路三段、信安街,3,0,4,有
臺北市,大安區,仁愛路三段、復興南路一段,3,0,4,有
臺北市,大同區,昌吉街、昌吉街110巷,3,0,4,有
臺北市,中正區,汀州路二段、重慶南路三段,3,0,4,有
臺北市,中正區,重慶南路一段、忠孝西路一段,3,0,4,有
臺北市,中山區,長春路、龍江路,3,0,4,有
臺北市,大同區,延平北路二段、涼州街,3,0,4,有
臺北市,萬華區,康定路、內江街,3,0,4,有
新北市,汐止區,汐萬路一段、長江街,3,0,4,無
新北市,新莊區,民安路、後港一路,3,0,4,無
高雄市,三民區,大順二路、建興路,3,0,4,無
高雄市,苓雅區,中華四路、興中二路,3,0,4,有
高雄市,鼓山區,明誠三路、華榮路,3,0,4,有
桃園市,八德區,義勇街、忠勇街,3,0,4,有
桃園市,平鎮區,民族路、廣成街,3,0,4,有
桃園市,桃園區,永安路、永康街,3,0,4,有
桃園市,桃園區,中正路、中華路,3,0,4,有
新北市,三重區,中正北路64巷、中正北路,3,0,4,無
臺中市,豐原區,信義街、復興路,3,0,4,有
桃園市,龜山區,文化二路、文二一街,3,0,4,有
新北市,板橋區,漢生東路279巷、漢生東路,3,0,4,無
臺中市,北屯區,文心路四段、綏遠路二段,3,0,4,有
臺中市,南屯區,大業路、河南路四段,3,0,4,有
臺北市,大安區,市民大道四段、光復南路,3,0,4,有
臺北市,大安區,忠孝東路三段、復興南路一段,3,0,4,有
臺北市,中山區,松江路、錦州街,3,0,4,有
臺北市,松山區,八德路三段、延吉街,3,0,4,有
臺北市,萬華區,環河南路二段、長順街,3,0,4,有
桃園市,中壢區,中華路一段、興仁路一段,3,0,4,無
桃園市,桃園區,文中路、正光路,3,0,4,有
桃園市,桃園區,成功路一段、民權路,3,0,4,有
桃園市,中壢區,環北路、福州一街,3,0,4,無
桃園市,楊梅區,中興路、永美路,3,0,4,無
桃園市,八德區,和平路、東勇街,3,0,4,有
新北市,三重區,龍門路、龍濱路,3,0,4,無
新北市,土城區,中正路、和平路,3,0,4,無
桃園市,桃園區,復興路、南華街,3,0,4,無
新北市,板橋區,新海路、長江路,3,0,4,無
新北市,新莊區,中央路、福壽街,3,0,4,無
高雄市,三民區,大豐二路、義德路,3,0,4,有
桃園市,龜山區,萬壽路二段、中興路,3,0,4,無
高雄市,前金區,中華三路、河南二路,3,0,4,無
桃園市,桃園區,大興西路一段、同安街,3,0,4,有
高雄市,三民區,大順二路、大豐二路,3,0,4,無
臺南市,東區,裕文路、裕忠路,3,0,4,有
新北市,蘆洲區,中山二路、和平路,3,0,4,有
臺中市,西區,自由路一段、康樂街,3,0,4,有
新北市,汐止區,中興路、福德一路,3,0,4,有
新北市,中和區,中安街、新興街,3,0,4,無
臺北市,大同區,長安西路、南京西路64巷,3,0,4,有
臺北市,信義區,仁愛路四段、逸仙路,3,0,4,有
臺北市,信義區,松隆路、永吉路,3,0,4,有
臺中市,中區,建國路、成功路,3,0,4,有
臺南市,永康區,中華路、中華路619巷,3,0,4,無
臺中市,北區,學士路、五順街,3,0,4,有
臺北市,內湖區,內湖路一段737巷、內湖路一段737巷51弄,3,0,4,有
臺南市,中西區,海安路二段、民生路二段,3,0,4,有
臺南市,永康區,中華路、中華二路,3,0,4,無
臺北市,松山區,光復北路、光復北路190巷,3,0,4,有
臺北市,信義區,松山路、松隆路,3,0,4,有
臺北市,信義區,福德街、林口街,3,0,4,有
臺北市,南港區,忠孝東路七段、研究院路一段,3,0,4,有
臺北市,萬華區,西園路一段、西園路一段72巷,3,0,4,有
臺北市,萬華區,康定路、武昌街二段,3,0,4,有
新北市,永和區,中正路、永利路,3,0,4,無
新北市,永和區,民權路1巷、民生路,3,0,4,無
新北市,汐止區,忠孝東路、仁愛路,3,0,4,無
新北市,板橋區,中山路一段、館前西路,3,0,4,有
新北市,板橋區,忠孝路、重慶路,3,0,4,無
臺北市,士林區,延平北路六段、社中街,3,0,4,有
臺北市,大安區,信義路四段、復興南路一段,3,0,4,有
臺中市,南屯區,大墩路、大墩十七街,3,0,4,有
新北市,新莊區,龍安路、福營路,3,0,4,無
桃園市,八德區,中山路、興豐路,3,0,4,有
桃園市,平鎮區,環南路三段、德育路二段,3,0,4,有
新北市,中和區,景新街410巷、景新街,3,0,4,無
臺北市,中山區,農安街、雙城街,3,0,4,有
臺北市,內湖區,內湖路一段、基湖路,3,0,4,有
新北市,板橋區,四維路128巷、四維路,3,0,4,無
新北市,中和區,南山路、復興路,3,0,4,無
臺中市,北屯區,進化北路、國校巷,3,0,4,有
臺北市,萬華區,環河南路二段、環河南路二段175巷,3,0,4,有
臺中市,北屯區,太原路三段、三光巷,3,0,4,有
臺南市,安平區,郡平路、健康三街,3,0,4,有
新北市,三峽區,復興路、和平街,3,0,4,有
新北市,三重區,重新路五段、中興北街,3,0,4,無
臺北市,南港區,市民大道七段、玉成街,2,0,6,有
高雄市,左營區,博愛二路、明華一路,2,0,6,有
新北市,永和區,福和路93巷、福和路,2,0,6,無
臺中市,中區,三民路、公園路,2,1,3,有
臺中市,太平區,中平九街、太平十六街,2,1,3,有
臺中市,北區,進化路、興進路,2,1,3,有
臺北市,士林區,德行東路、德行東路46巷,2,1,3,有
高雄市,楠梓區,加昌路、區東路,2,1,3,有
高雄市,大寮區,鳳林三路、進學路,2,1,3,無
高雄市,左營區,左營新路、孔營路,2,1,3,有
新北市,淡水區,中山路、文化路,2,1,3,無
臺北市,中正區,和平西路一段、重慶南路三段,2,1,3,有
高雄市,苓雅區,四維一路、凱旋二路,3,0,3,有
臺北市,士林區,延平北路六段、中正路,3,0,3,有
新北市,板橋區,四川路一段、忠孝路,3,0,3,無
新北市,板橋區,府中路、西門街,3,0,3,無
新北市,淡水區,中山北路一段247巷、中山北路一段,3,0,3,有
桃園市,龍潭區,中正路、新龍路,3,0,3,有
桃園市,桃園區,國際路一段、吉昌街,3,0,3,有
新北市,中和區,中正路、錦和路,3,0,3,無
新北市,中和區,民德路、國光街,3,0,3,無
新北市,三峽區,三樹路、大學路,3,0,3,無
新北市,三峽區,學勤路、大義路,3,0,3,無
新北市,永和區,永貞路、永亨路,3,0,3,無
新北市,永和區,保安路、永平路,3,0,3,無
臺南市,安平區,國平路、建平七街,3,0,3,有
臺北市,萬華區,廣州街、梧州街,3,0,3,有
桃園市,桃園區,大業路一段、民光東路,3,0,3,有
桃園市,八德區,介壽路二段、豐德路,3,0,3,無
桃園市,平鎮區,民族路、忠孝路,3,0,3,有
桃園市,平鎮區,新富五街、新富街70巷,3,0,3,有
高雄市,左營區,文府路、重忠路,3,0,3,有
桃園市,新屋區,中興路、三民路,3,0,3,有
桃園市,龍潭區,大昌路二段、健行路,3,0,3,有
桃園市,桃園區,大興西路一段、新埔六街,3,0,3,有
臺北市,北投區,大興街、清江路,3,0,3,有
臺北市,信義區,松壽路、市府路,3,0,3,有
臺北市,南港區,市民大道七段、向陽路,3,0,3,有
臺北市,萬華區,昆明街、漢口街二段,3,0,3,有
基隆市,信義區,信一路、義七路,15,0,17,有
基隆市,信義區,信一路、義六路,13,0,17,有
基隆市,安樂區,安樂路二段、安和一街,11,1,14,無
基隆市,信義區,信一路、義四路,10,0,15,有
基隆市,七堵區,明德一路、崇智街,11,0,13,無
基隆市,中山區,中山一路、新民路,11,1,10,有
基隆市,仁愛區,孝二路、忠三路,9,0,11,無
新竹市,北區,西大路、北大路,9,0,10,無
基隆市,安樂區,安一路、樂一路,8,0,11,無
基隆市,仁愛區,仁一路、愛四路,6,2,8,有
彰化縣,花壇鄉,中山路二段、中正路,8,0,10,無
基隆市,中山區,中華路、通仁街,6,1,10,無
基隆市,中山區,安一路、西定路,8,0,9,無
基隆市,中山區,西定路、安一路,7,0,10,無
基隆市,中正區,信一路、義一路,7,0,10,無
宜蘭縣,羅東鎮,興東路、倉前路,6,1,8,無
基隆市,仁愛區,仁一路、愛五路,7,0,9,有
基隆市,暖暖區,暖暖街、東勢街,7,0,9,無
基隆市,安樂區,基金一路208巷、基金一路,7,0,8,無
基隆市,七堵區,光明路、自治街,7,0,8,有
基隆市,中正區,信一路、義二路,7,0,7,有
新竹市,東區,中央路、民權路,6,0,8,無
屏東縣,屏東市,大連路、莊敬街一段,6,0,8,無
彰化縣,花壇鄉,中山路一段、光明路,6,1,5,無
基隆市,信義區,信二路、義三路,5,0,9,無
基隆市,仁愛區,仁一路、愛六路,6,0,7,有
基隆市,仁愛區,仁一路、愛九路,6,0,7,有
基隆市,七堵區,實踐路、百六街,6,0,7,有
花蓮縣,花蓮市,國聯一路、國聯三路,6,0,7,有
彰化縣,彰化市,中山路一段、雲長路,6,0,7,無
基隆市,中山區,西定路42巷、西定路,5,0,8,無
基隆市,仁愛區,仁一路、愛三路,6,0,6,無
基隆市,仁愛區,仁四路、愛三路,6,0,6,無
花蓮縣,花蓮市,國聯四路、國聯五路,6,0,6,有
雲林縣,虎尾鎮,林森路二段、八德街,4,0,9,有
基隆市,信義區,信二路、義七路,5,0,7,無
基隆市,仁愛區,成功一路、光二路,5,0,7,無
基隆市,仁愛區,仁四路、愛二路,5,0,7,無
基隆市,仁愛區,公園街、忠三路,5,0,7,無
宜蘭縣,羅東鎮,公正路、中華路,5,0,7,無
彰化縣,彰化市,中正路二段、華山路,5,0,7,無
彰化縣,彰化市,金馬路二段、彰新路一段,5,0,7,無
基隆市,中正區,中正路、正榮街,4,0,8,無
新竹市,東區,力行路、力行三路,5,0,6,無
花蓮縣,花蓮市,中正路、和平路,5,0,6,無
花蓮縣,花蓮市,和平路、建林街,5,0,6,無
彰化縣,員林市,莒光路、至善街,5,0,6,無
嘉義縣,新港鄉,宮前村中山路、登雲路,4,0,7,無
新竹縣,竹東鎮,中興路三段、中央路,4,0,7,有
雲林縣,虎尾鎮,林森路一段、中山路,4,0,7,無
基隆市,仁愛區,忠一路、孝四路,4,0,7,無
基隆市,仁愛區,仁一路、劉銘傳路,4,0,7,有
苗栗縣,苗栗市,忠孝路、縣府路,4,0,7,無
基隆市,信義區,信一路、義三路,4,1,4,有
基隆市,信義區,深溪路、深美街,5,0,5,有
苗栗縣,竹南鎮,中正路、大營路,5,0,5,有
基隆市,中正區,義一路、信五路,5,0,5,無
基隆市,中正區,中正路、正濱路,5,0,5,無
基隆市,七堵區,明德二路、工東街,5,0,5,無
苗栗縣,頭份市,中正路、民族路,5,0,5,有
苗栗縣,頭份市,自強路、仁愛路,5,0,5,無
彰化縣,鹿港鎮,中山路、民權路,5,0,5,有
彰化縣,彰化市,中山路二段、南校街,3,1,5,無
新竹縣,新埔鎮,中正路、和平街,4,0,6,有
新竹市,東區,西大路、南大路,4,0,6,有
基隆市,中正區,信六路、義一路,4,0,6,無
新竹市,東區,三民路、民權路,4,0,6,有
宜蘭縣,羅東鎮,公正路、忠孝路,4,0,6,無
雲林縣,斗六市,成功路、榮譽路,3,2,2,無
屏東縣,屏東市,自由路、博愛路,4,1,3,無
新竹縣,竹東鎮,大同路、信義路,3,0,7,有
基隆市,仁愛區,忠三路、孝二路,3,1,4,無
基隆市,仁愛區,成功一路、光一路,4,0,5,無
基隆市,安樂區,基金一路、武嶺街,4,0,5,無
基隆市,安樂區,基金一路135巷、基金一路,4,0,5,無
新竹市,北區,中正路、中山路,4,0,5,無
雲林縣,虎尾鎮,林森路一段、德興路,4,0,5,有
基隆市,中正區,新豐街251巷、新豐街,4,0,5,無
基隆市,仁愛區,仁二路、愛五路,4,0,5,無
基隆市,中正區,中正路、中船路,4,0,5,無
屏東縣,屏東市,民生東路、瑞光路一段,4,0,5,無
宜蘭縣,羅東鎮,興東南路、南門路,4,0,5,無
宜蘭縣,宜蘭市,中山路五段、大福路二段,4,0,5,無
彰化縣,彰化市,彰南路三段、一心南街,4,0,5,無
新竹市,東區,東門街、民族路,3,0,6,無
屏東縣,屏東市,公園路、中華路,3,0,6,無
新竹市,北區,中山路、崧嶺路,3,0,6,有
基隆市,安樂區,基金一路、武崙街,3,0,6,無
基隆市,安樂區,麥金路、安樂路二段,3,0,6,無
新竹縣,竹北市,中正東路、三民路,3,1,3,有
新竹市,香山區,中華路、大庄路,4,0,4,無
新竹市,東區,園區二路、力行三路,4,0,4,無
彰化縣,彰化市,中正路一段、民生路,4,0,4,有
彰化縣,鹿港鎮,中山路、三民路,4,0,4,有
彰化縣,員林市,莒光路、靜修路,4,0,4,無
基隆市,安樂區,安樂路一段、樂一路81巷,4,0,4,無
基隆市,信義區,信二路、義六路,4,0,4,無
基隆市,信義區,信二路、壽山路,4,0,4,無
基隆市,信義區,信一路、義九路,4,0,4,無
基隆市,仁愛區,成功一路、安樂路一段,4,0,4,無
基隆市,暖暖區,源遠路、碇內街,4,0,4,無
新竹市,北區,西門街、四維路,4,0,4,有
新竹市,北區,經國路二段、城北街,4,0,4,無
雲林縣,北港鎮,中山路、光明路,4,0,4,無
基隆市,中正區,中船路、義二路,4,0,4,無
基隆市,中山區,中華路、復旦路,4,0,4,無
基隆市,仁愛區,仁二路137巷、仁二路,4,0,4,無
基隆市,仁愛區,仁五路、愛一路,4,0,4,無
基隆市,仁愛區,仁四路、愛一路,4,0,4,無
基隆市,中正區,義二路、信五路,4,0,4,無
基隆市,中正區,信二路、義二路,4,0,4,無
苗栗縣,頭份市,信東路、忠孝一路,4,0,4,無
苗栗縣,頭份市,中華路、民族路,4,0,4,有
苗栗縣,頭份市,中華路、和平路,4,0,4,有
基隆市,七堵區,明德一路、自治北街,4,0,4,無
花蓮縣,壽豐鄉,中山路二段、中正路,4,0,4,無
花蓮縣,花蓮市,中正路、明禮路,4,0,4,無
花蓮縣,花蓮市,中央路三段、莊敬路,4,0,4,無
宜蘭縣,羅東鎮,中山路二段、光榮路,3,0,5,無
南投縣,竹山鎮,雲林路、下橫街,3,0,5,無
屏東縣,屏東市,公園路、仁德路,3,0,5,無
苗栗縣,頭份市,銀河路、民族路,3,0,5,有
新竹市,北區,中山路、北門街,3,0,5,無
新竹市,北區,中山路、育英路,3,0,5,有
新竹市,北區,中正路、經國路,3,0,5,無
基隆市,信義區,深澳坑路、深溪路,3,0,5,無
雲林縣,斗六市,民生路、大同路,3,0,5,無
基隆市,仁愛區,忠一路、港西街,3,0,5,無
基隆市,安樂區,麥金路、樂利三街,3,0,5,無
新竹市,東區,西大路、文昌街,3,0,5,有
新竹縣,竹北市,莊敬三路、勝利二路,3,0,5,無
新竹縣,新豐鄉,新興路、忠信街,3,0,5,無
彰化縣,員林市,大同路二段、大勇街,3,0,5,無
彰化縣,彰化市,曉陽路、南瑤路,3,1,2,無
宜蘭縣,蘇澳鎮,江夏路、南安路,3,1,2,有
彰化縣,和美鎮,彰新路五段、嘉卿路二段,1,1,5,有
屏東縣,高樹鄉,南興路、慈新路,2,0,6,無
基隆市,中山區,西定路、復興路,2,1,3,無
基隆市,中山區,復興路、德安路,3,0,4,無
基隆市,中正區,祥豐街、正榮街,3,0,4,無
基隆市,七堵區,明德一路、自治街,3,0,4,無
基隆市,安樂區,麥金路、樂利二街,3,0,4,無
基隆市,信義區,東信路、東光路,3,0,4,無
基隆市,信義區,東信路、東明路,3,0,4,無
基隆市,信義區,深美街、教忠街,3,0,4,無
基隆市,信義區,信二路、義四路,3,0,4,無
基隆市,信義區,信二路、義五路,3,0,4,無
基隆市,仁愛區,愛三路、仁四路,3,0,4,無
雲林縣,斗六市,中山路、大同路,3,0,4,無
雲林縣,斗六市,中山路、城頂街,3,0,4,無
新竹市,北區,東大路三段、富美路,3,0,4,有
花蓮縣,花蓮市,中正路、中原路,3,0,4,無
花蓮縣,花蓮市,中美路、化道路,3,0,4,有
宜蘭縣,羅東鎮,中山路、光榮路,3,0,4,無
屏東縣,屏東市,永大路、武愛街,3,0,4,無
屏東縣,屏東市,復興路、民族路,3,0,4,無
南投縣,南投市,南崗二路、文化路,3,0,4,無
南投縣,埔里鎮,中山路二段、北環路,3,0,4,無
南投縣,草屯鎮,大成街、育英街,3,0,4,無
彰化縣,社頭鄉,中山路二段、中興路,3,0,4,無
彰化縣,秀水鄉,彰水路一段、文化街,3,0,4,無
新竹縣,新豐鄉,新興路、松林街,3,0,4,無
新竹縣,新豐鄉,新興路、建興路,3,0,4,無
新竹縣,新豐鄉,新興路、泰安街,3,0,4,無
新竹縣,湖口鄉,達生路、民生街,3,0,4,無
新竹市,東區,光復路一段、科學園路,3,0,4,無
新竹市,東區,中央路、文化街,3,0,4,無
新竹市,東區,關新路、關新北路,3,0,4,有
新竹市,東區,新安路、研發六路,3,0,4,無
新竹縣,竹北市,中正西路、國興街,3,0,4,無
彰化縣,彰化市,南校街、博愛街,3,0,4,無
彰化縣,員林市,員水路二段、大同路一段,3,0,4,無
彰化縣,彰化市,中山路二段、中民街,3,0,4,無
彰化縣,彰化市,旭光路、光華街,3,0,4,無
彰化縣,彰化市,自強路、泰安二街,3,0,4,有
彰化縣,彰化市,民生路、長壽街,3,0,4,無
彰化縣,彰化市,民生路、中華路,2,0,5,無
澎湖縣,馬公市,水源路、北辰街,2,0,5,無
新竹市,香山區,牛埔東路、東華路,2,0,5,無
新竹市,東區,光復路二段、大學路,2,0,5,無
屏東縣,屏東市,公園路、民權路,2,0,5,無
屏東縣,屏東市,和生路一段、歸仁路91巷,1,2,1,無
屏東縣,屏東市,仁愛路、民生路,2,1,2,無
屏東縣,車城鄉,中山路、田中路,2,1,2,無
花蓮縣,花蓮市,福建街、長安街,2,1,2,無
宜蘭縣,宜蘭市,舊城南路、民權路二段38巷,2,1,2,無
新竹市,北區,經國路二段、中和路,2,1,2,無
新竹市,北區,中正路、境福街,2,1,2,有
新竹縣,湖口鄉,中華路、自強路,2,1,2,無
彰化縣,溪州鄉,中山路四段、文化路,2,1,2,無
彰化縣,彰化市,中興路、大埔路,3,0,3,有
彰化縣,彰化市,金馬路二段、茄苳路一段,3,0,3,無
彰化縣,溪湖鎮,彰水路四段、培英路,3,0,3,無
臺東縣,卑南鄉,太平路、和平路,3,0,3,無
臺東縣,臺東市,中華路一段、新生路,3,0,3,無
新竹縣,新埔鎮,中正路、廣和路,3,0,3,有
新竹縣,新豐鄉,松林街、尚仁街,3,0,3,無
新竹縣,竹東鎮,中興路三段、學府路,3,0,3,有
新竹縣,竹東鎮,中豐路二段、幸福路,3,0,3,無
新竹縣,竹北市,福興路、博愛街,3,0,3,無
新竹市,東區,光復路二段、建功路,3,0,3,無
新竹市,東區,慈雲路、埔頂二路,3,0,3,無
新竹市,東區,埔頂二路、立鵬路,3,0,3,有
新竹市,東區,建功一路、水源街,3,0,3,無
新竹市,香山區,中華路五段、元培街,3,0,3,無
新竹縣,竹北市,中正西路、華興街,3,0,3,有
新竹縣,竹北市,光明六路東二段、嘉興路,3,0,3,有
新竹縣,關西鎮,中山路、正義路,3,0,3,有
新竹縣,關西鎮,正義路、大同路,3,0,3,有
嘉義市,西區,垂楊路、新榮路,3,0,3,無
彰化縣,大村鄉,中山路一段、中興街,3,0,3,無
彰化縣,大村鄉,中山路二段、中正東路,3,0,3,無
彰化縣,伸港鄉,中山路、新港路,3,0,3,無
彰化縣,和美鎮,道周路、平安路,3,0,3,無
彰化縣,北斗鎮,中山路二段、文苑路一段,3,0,3,無
彰化縣,北斗鎮,中華路、光復路,3,0,3,有
彰化縣,田中鎮,中正路、斗中路一段,3,0,3,無
彰化縣,社頭鄉,員集路二段、清水岩路,3,0,3,無
新竹市,北區,北大路、北新街,3,0,3,無
新竹市,北區,經國路、延平路,3,0,3,無
雲林縣,斗南鎮,中山路、文元街,3,0,3,無
雲林縣,斗南鎮,建國二路、中興路,3,0,3,無
基隆市,信義區,深溪路36巷、深溪路,3,0,3,無
基隆市,仁愛區,愛一路、仁四路,3,0,3,無
基隆市,仁愛區,忠四路、孝一路,3,0,3,無
基隆市,仁愛區,忠四路、孝二路,3,0,3,無
基隆市,仁愛區,孝二路、忠四路,3,0,3,無
基隆市,七堵區,百三街、福三街,3,0,3,無
苗栗縣,頭份市,中華路、自強路,3,0,3,無
苗栗縣,頭份市,自強路、和平路,3,0,3,無
苗栗縣,頭份市,自強路、信東路,3,0,3,無
基隆市,中正區,義二路、信二路,3,0,3,無
基隆市,中正區,新豐街333巷、新豐街,3,0,3,無
基隆市,仁愛區,仁五路、愛二路,3,0,3,無
基隆市,仁愛區,仁三路、愛三路,3,0,3,無
基隆市,仁愛區,仁二路、劉銘傳路,3,0,3,無
基隆市,仁愛區,仁一路、愛七路,3,0,3,無
基隆市,中山區,中山一路、港西街,3,0,3,無
苗栗縣,苗栗市,建中街、建中街82巷,3,0,3,無
苗栗縣,苗栗市,為公路、中山路,3,0,3,無
苗栗縣,苗栗市,中正路、日新街,3,0,3,無
苗栗縣,苗栗市,民族路、忠孝路,3,0,3,無
宜蘭縣,礁溪鄉,中山路一段、育才路,3,0,3,無
宜蘭縣,宜蘭市,中山路二段、民權路一段,3,0,3,有
宜蘭縣,宜蘭市,女中路二段、中華路,3,0,3,無
花蓮縣,花蓮市,中山路、富安路,3,0,3,無
花蓮縣,花蓮市,中山路、富國路,3,0,3,無
花蓮縣,花蓮市,中山路、林森路,3,0,3,有
宜蘭縣,羅東鎮,南昌街、清潭路,3,0,3,無
宜蘭縣,羅東鎮,南昌街、博愛路,3,0,3,無
花蓮縣,新城鄉,復興路、民族路,3,0,3,無
南投縣,南投市,彰南路一段、嘉和一路,3,0,3,無
南投縣,南投市,民族路、復興路,3,0,3,無
南投縣,南投市,復興路、祖祠路,3,0,3,無
屏東縣,屏東市,公園路、仁愛路,3,0,3,無
屏東縣,屏東市,民生路、廣東路,3,0,3,無
屏東縣,屏東市,民生路、歸仁路,3,0,3,無
屏東縣,屏東市,廣東路、民學路,3,0,3,無
屏東縣,屏東市,廣東路、博愛路,3,0,3,無
花蓮縣,花蓮市,南濱路、和平路,1,0,6,無
宜蘭縣,宜蘭市,女中路二段、擺厘路,2,0,4,無
宜蘭縣,五結鄉,五結中路三段、三興西路,2,0,4,有
宜蘭縣,礁溪鄉,礁溪路五段、溫泉路,2,0,4,無
屏東縣,屏東市,廣東路、建豐路,2,0,4,無
屏東縣,屏東市,勝利東路、大連路,2,0,4,無
屏東縣,屏東市,自由路、信義路,2,0,4,無
屏東縣,屏東市,和平路、光復路,2,0,4,無
屏東縣,屏東市,民生東路、安心四橫巷,2,0,4,無
屏東縣,屏東市,中山路、永福路,2,0,4,無
南投縣,埔里鎮,北平街、東榮路,2,0,4,無
苗栗縣,竹南鎮,龍山路三段、秀明街,2,0,4,有
苗栗縣,公館鄉,大同路、榮光街,2,0,4,無
苗栗縣,竹南鎮,光復路、華東街,2,0,4,有
基隆市,中正區,中正路、祥豐街,2,0,4,無
基隆市,中正區,義二路、信四路,2,0,4,無
基隆市,中正區,中正路656巷、中正路,2,0,4,無
苗栗縣,苗栗市,中正路、中正路1297巷,2,0,4,有
基隆市,七堵區,明德一路、崇禮街,2,0,4,無
基隆市,仁愛區,忠二路、孝二路,2,0,4,無
基隆市,仁愛區,南榮路319巷、南榮路,2,0,4,無
基隆市,仁愛區,愛三路、仁二路,2,0,4,無
基隆市,仁愛區,愛一路、仁二路,2,0,4,無
基隆市,安樂區,安一路100巷、安一路,2,0,4,無
基隆市,安樂區,安和一街4巷、安和一街,2,0,4,無
基隆市,安樂區,基金一路175巷、基金一路,2,0,4,無
新竹市,東區,中央路、錦華街,2,0,4,有
彰化縣,員林市,中山路二段、法院街,2,0,4,有
彰化縣,北斗鎮,興農路二段、民權路,2,0,4,有
彰化縣,和美鎮,仁化路、愛民路,2,0,4,無
新竹縣,竹北市,中正東路、仁德街,2,0,4,有
新竹縣,竹北市,三民路、文田街,2,0,4,無
新竹市,東區,寶山路、建華街,2,0,4,有
新竹市,東區,經國路一段、自由路,2,0,4,無
新竹市,東區,金山街、金山十二街,2,0,4,有
新竹市,東區,中華路二段、信義街,2,0,4,有
新竹市,東區,介壽路、園區一路,2,0,4,無
新竹縣,竹北市,莊敬北路、十興路,2,0,4,無
新竹縣,竹北市,嘉豐十一路一段、復興三路二段,2,0,4,有
新竹縣,湖口鄉,八德路三段、長安路,2,0,4,無
新竹縣,湖口鄉,三民南路、榮光路,2,0,4,有
